seq,count
GVAPLHLGK,"defaultdict(<class 'int'>, {'ARP': 15, 'PAN': 33})"
EQLSSVSSFER,"defaultdict(<class 'int'>, {'ARP': 19, 'PAN': 110})"
EQLSSVSSFERFEIFPK,"defaultdict(<class 'int'>, {'ARP': 5, 'PAN': 5})"
TSSWPNHDSNK,"defaultdict(<class 'int'>, {'ARP': 4, 'PAN': 50})"
TSSWPN[+0.984]HDSNK,"defaultdict(<class 'int'>, {'ARP': 1, 'PAN': 17})"
SFYKNLIWLVK,"defaultdict(<class 'int'>, {'ARP': 3, 'PAN': 9})"
SFYKNLIWLVKK,"defaultdict(<class 'int'>, {'ARP': 4, 'PAN': 4})"
NLIWLVK,"defaultdict(<class 'int'>, {'ARP': 27, 'PAN': 90})"
N[+0.984]LIWLVK,"defaultdict(<class 'int'>, {'ARP': 9, 'PAN': 13})"
NLIWLVKK,"defaultdict(<class 'int'>, {'ARP': 4, 'PAN': 7})"
SYIN[+0.984]DKGK,"defaultdict(<class 'int'>, {'ARP': 2, 'PAN': 12})"
EVLVLWGIHHPSTSADQQSLYQNADAYVFVGSSR,"defaultdict(<class 'int'>, {'ARP': 7, 'PAN': 295})"
YSKTFKPEIAIRPK,"defaultdict(<class 'int'>, {'ARP': 4, 'PAN': 4})"
TFKPEIAIR,"defaultdict(<class 'int'>, {'ARP': 6, 'PAN': 12})"
TFKPEIAIRPK,"defaultdict(<class 'int'>, {'ARP': 26, 'PAN': 109})"
TFKPEIAIR[+43.006]PK[+28.031],"defaultdict(<class 'int'>, {'ARP': 1, 'PAN': 6})"
EGRM[+15.995]NYYWTLVEPGDK,"defaultdict(<class 'int'>, {'ARP': 1})"
MNYYWTLVEPGDK,"defaultdict(<class 'int'>, {'ARP': 12, 'PAN': 288})"
MN[+0.984]YYWTLVEPGDK,"defaultdict(<class 'int'>, {'ARP': 7, 'PAN': 14})"
M[+31.990]NYYWTLVEPGDK,"defaultdict(<class 'int'>, {'ARP': 14, 'PAN': 52})"
M[+15.995]NYYWTLVEPGDK,"defaultdict(<class 'int'>, {'ARP': 13, 'PAN': 56})"
M[+15.995]N[+0.984]YYWTLVEPGDK,"defaultdict(<class 'int'>, {'ARP': 4, 'PAN': 3})"
MNYYWTLVEPGDKITFEATGNLVVPR,"defaultdict(<class 'int'>, {'ARP': 8, 'PAN': 34})"
M[+31.990]NYYWTLVEPGDKITFEATGNLVVPR,"defaultdict(<class 'int'>, {'ARP': 7, 'PAN': 3})"
M[+15.995]NYYWTLVEPGDKITFEATGNLVVPR,"defaultdict(<class 'int'>, {'ARP': 10, 'PAN': 8})"
M[+15.995]N[+0.984]YYWTLVEPGDKITFEATGNLVVPR,"defaultdict(<class 'int'>, {'ARP': 1})"
ITFEATGNLVVPR,"defaultdict(<class 'int'>, {'ARP': 56, 'PAN': 464})"
ITFEATGN[+0.984]LVVPR,"defaultdict(<class 'int'>, {'ARP': 8, 'PAN': 13})"
YAFAMER,"defaultdict(<class 'int'>, {'ARP': 27, 'PAN': 56})"
YAFAM[+15.995]ER,"defaultdict(<class 'int'>, {'ARP': 25, 'PAN': 56})"
NAGSGIIISDTPVHDC[+71.037]N[+203.079]TTC[+71.037]QTPK,"defaultdict(<class 'int'>, {'ARP': 2})"
N[+0.984]AGSGIIISDTPVHDC[+71.037]N[+203.079]TTC[+71.037]QTPK,"defaultdict(<class 'int'>, {'ARP': 1})"
N[+0.984]AGSGIIISDTPVHDC[+71.037]NT[+203.079]TC[+71.037]QTPK,"defaultdict(<class 'int'>, {'ARP': 3, 'PAN': 3})"
GAINTSLPFQNIHPIT[+203.079]IGK,"defaultdict(<class 'int'>, {'ARP': 4, 'PAN': 17})"
GAIN[+0.984]TSLPFQNIHPITIGK,"defaultdict(<class 'int'>, {'ARP': 1, 'PAN': 4})"
GAIN[+203.079]TSLPFQN[+0.984]IHPITIGK,"defaultdict(<class 'int'>, {'ARP': 1})"
GAINTSLPFQN[+0.984]IHPIT[+203.079]IGK,"defaultdict(<class 'int'>, {'ARP': 3, 'PAN': 2})"
LRLATGLR,"defaultdict(<class 'int'>, {'ARP': 4, 'PAN': 4})"
NIPSIQSR,"defaultdict(<class 'int'>, {'ARP': 4, 'PAN': 5})"
GLFGAIAGFIEGGWTGMVDGWYGYHHQNEQGSGYAADLK,"defaultdict(<class 'int'>, {'ARP': 3, 'PAN': 7})"
STQNAIDEITNK,"defaultdict(<class 'int'>, {'ARP': 54, 'PAN': 101})"
STQN[+0.984]AIDEITNK,"defaultdict(<class 'int'>, {'ARP': 18, 'PAN': 19})"
STQNAIDEITNKVDSVIEK,"defaultdict(<class 'int'>, {'ARP': 31, 'PAN': 32})"
STQN[+0.984]AIDEITNKVDSVIEK,"defaultdict(<class 'int'>, {'ARP': 21, 'PAN': 9})"
STQNAIDEITN[+0.984]KVDSVIEK,"defaultdict(<class 'int'>, {'ARP': 10, 'PAN': 9})"
MNTQFTAVGK,"defaultdict(<class 'int'>, {'ARP': 118, 'PAN': 135})"
M[+31.990]NTQFTAVGK,"defaultdict(<class 'int'>, {'ARP': 3, 'PAN': 4})"
MNT[+203.079]QFTAVGK,"defaultdict(<class 'int'>, {'ARP': 1})"
MN[+0.984]TQFTAVGK,"defaultdict(<class 'int'>, {'ARP': 9, 'PAN': 18})"
M[+15.995]NTQFTAVGK,"defaultdict(<class 'int'>, {'ARP': 8, 'PAN': 35})"
M[+15.995]N[+0.984]TQFTAVGK,"defaultdict(<class 'int'>, {'ARP': 4, 'PAN': 6})"
MNTQFTAVGKEFNHLEK,"defaultdict(<class 'int'>, {'ARP': 12, 'PAN': 11})"
MN[+0.984]TQFTAVGKEFNHLEK,"defaultdict(<class 'int'>, {'ARP': 2})"
MNTQFTAVGKEFN[+0.984]HLEK,"defaultdict(<class 'int'>, {'ARP': 8, 'PAN': 14})"
M[+15.995]NTQFTAVGKEFN[+0.984]HLEK,"defaultdict(<class 'int'>, {'ARP': 2, 'PAN': 1})"
M[+15.995]N[+0.984]TQFTAVGKEFNHLEK,"defaultdict(<class 'int'>, {'ARP': 1})"
M[+15.995]NTQFTAVGKEFN[+0.984]HLEKR,"defaultdict(<class 'int'>, {'ARP': 2})"
EFNHLEK,"defaultdict(<class 'int'>, {'ARP': 25, 'PAN': 39})"
EFN[+0.984]HLEK,"defaultdict(<class 'int'>, {'ARP': 11, 'PAN': 8})"
E[-18.011]FNHLEK,"defaultdict(<class 'int'>, {'ARP': 11, 'PAN': 21})"
E[-18.011]FN[+0.984]HLEK,"defaultdict(<class 'int'>, {'ARP': 3, 'PAN': 11})"
EFNHLEKR,"defaultdict(<class 'int'>, {'ARP': 9, 'PAN': 2})"
E[-18.011]FNHLEKR,"defaultdict(<class 'int'>, {'ARP': 4})"
EFN[+0.984]HLEKR,"defaultdict(<class 'int'>, {'ARP': 8, 'PAN': 4})"
IENLNKK,"defaultdict(<class 'int'>, {'ARP': 3, 'PAN': 6})"
KVDDGFLDIWTYNAELLVLLENER,"defaultdict(<class 'int'>, {'ARP': 5, 'PAN': 12})"
VDDGFLDIWTYNAELLVLLENER,"defaultdict(<class 'int'>, {'ARP': 4, 'PAN': 17})"
TLDYHDSNVK,"defaultdict(<class 'int'>, {'ARP': 81, 'PAN': 77})"
TLDYHDSN[+0.984]VK,"defaultdict(<class 'int'>, {'ARP': 3, 'PAN': 6})"
TLDYHDSN[+0.984]VKNLYEK,"defaultdict(<class 'int'>, {'ARP': 7, 'PAN': 1})"
NLYEKVR,"defaultdict(<class 'int'>, {'ARP': 4, 'PAN': 3})"
NNAKEIGN[+0.984]GC[+71.037]FEFYHK,"defaultdict(<class 'int'>, {'ARP': 6, 'PAN': 5})"
E[-18.011]IGN[+0.984]GC[+71.037]FEFYHK,"defaultdict(<class 'int'>, {'ARP': 4, 'PAN': 31})"
C[+71.037]DNTC[+71.037]MESVK,"defaultdict(<class 'int'>, {'ARP': 7, 'PAN': 28})"
C[+71.037]DNTC[+71.037]M[+15.995]ESVK,"defaultdict(<class 'int'>, {'ARP': 7, 'PAN': 18})"
C[+71.037]DNTC[+71.037]MESVKN[+0.984]GTYDYPK,"defaultdict(<class 'int'>, {'ARP': 6, 'PAN': 16})"
C[+71.037]DNTC[+71.037]M[+15.995]ESVKN[+0.984]GTYDYPK,"defaultdict(<class 'int'>, {'ARP': 6, 'PAN': 12})"
LNREEIDGVK,"defaultdict(<class 'int'>, {'ARP': 12, 'PAN': 31})"
LNREEIDGVKLESTR,"defaultdict(<class 'int'>, {'ARP': 11, 'PAN': 14})"
LN[+0.984]REEIDGVKLESTR,"defaultdict(<class 'int'>, {'ARP': 5, 'PAN': 2})"
EEIDGVKLESTR,"defaultdict(<class 'int'>, {'ARP': 12, 'PAN': 13})"
TSSWPNHDSDK,"defaultdict(<class 'int'>, {'ARP': 6, 'PAN': 5})"
TSSWPN[+0.984]HDSDK,"defaultdict(<class 'int'>, {'ARP': 4})"
STQNAIDEITNKVNSVIEK,"defaultdict(<class 'int'>, {'ARP': 23, 'PAN': 14})"
STQNAIDEITN[+0.984]KVNSVIEK,"defaultdict(<class 'int'>, {'ARP': 2, 'PAN': 9})"
STQN[+0.984]AIDEITNKVNSVIEK,"defaultdict(<class 'int'>, {'ARP': 5, 'PAN': 4})"
STQNAIDEITNKVNSVIEKMNTQFTAVGK,"defaultdict(<class 'int'>, {'ARP': 2, 'PAN': 1})"
VNSVIEKMNTQFTAVGK,"defaultdict(<class 'int'>, {'ARP': 3, 'PAN': 6})"
VNSVIEKM[+15.995]NTQFTAVGK,"defaultdict(<class 'int'>, {'ARP': 5, 'PAN': 1})"
NNAKEIGN[+0.984]GC[+71.037]YEFYHK,"defaultdict(<class 'int'>, {'ARP': 4, 'PAN': 2})"
EIGNGC[+71.037]YEFYHK,"defaultdict(<class 'int'>, {'ARP': 4, 'PAN': 2})"
EIGN[+0.984]GC[+71.037]YEFYHK,"defaultdict(<class 'int'>, {'ARP': 6, 'PAN': 6})"
E[-18.011]IGN[+0.984]GC[+71.037]YEFYHK,"defaultdict(<class 'int'>, {'ARP': 2})"
GAINT[+203.079]SLPFQNIHQITIGK,"defaultdict(<class 'int'>, {'ARP': 1})"
GAINTSLPFQNIHQIT[+203.079]IGK,"defaultdict(<class 'int'>, {'ARP': 3, 'PAN': 1})"
STQNAIDQITNKVNSVIEK,"defaultdict(<class 'int'>, {'ARP': 3, 'PAN': 1})"
STQNAIDQITNKVN[+0.984]SVIEK,"defaultdict(<class 'int'>, {'ARP': 16, 'PAN': 7})"
STQN[+0.984]AIDQITN[+0.984]KVNSVIEK,"defaultdict(<class 'int'>, {'ARP': 1})"
STQNAIDQITNKVNSVIEKMN[+0.984]TQFTAVGK,"defaultdict(<class 'int'>, {'ARP': 1})"
GC[+71.037]FEFYHK,"defaultdict(<class 'int'>, {'ARP': 4, 'PAN': 6})"
M[+15.995]NYYWTLVEPGDKR,"defaultdict(<class 'int'>, {'ARP': 3, 'PAN': 5})"
[+43.006]MNTPFTAVGK,"defaultdict(<class 'int'>, {'ARP': 3, 'PAN': 3})"
[+43.006]M[+15.995]NTPFTAVGK,"defaultdict(<class 'int'>, {'ARP': 1, 'PAN': 4})"
E[-18.011]VLVQWGIHHPSTSADQQSLYQN[+0.984]ADAYVFVGSSR,"defaultdict(<class 'int'>, {'ARP': 1})"
TFK[+42.011]PDIAIRPK,"defaultdict(<class 'int'>, {'ARP': 5, 'PAN': 6})"
N[+203.079]VTVTHSVNLLEDK,"defaultdict(<class 'int'>, {'ARP': 1, 'PAN': 4})"
[+43.006]IIENLNK,"defaultdict(<class 'int'>, {'ARP': 9})"
STQNAIDEITNKVNSVIEKMN[+0.984]TQYTAVGK,"defaultdict(<class 'int'>, {'ARP': 1})"
FEIFPK,"defaultdict(<class 'int'>, {'ARP': 2, 'PAN': 6})"
TSSWPNHDSDKGVTAAC[+71.037]PHAGAK,"defaultdict(<class 'int'>, {'ARP': 5, 'PAN': 5})"
SFYK,"defaultdict(<class 'int'>, {'ARP': 1, 'PAN': 2})"
SYINDKGK,"defaultdict(<class 'int'>, {'ARP': 4, 'PAN': 9})"
[+43.006]TFK[+28.031]PEIAIRPK,"defaultdict(<class 'int'>, {'ARP': 3, 'PAN': 9})"
MNYYWTLVEPGDK[+14.016],"defaultdict(<class 'int'>, {'ARP': 2, 'PAN': 5})"
GAIN[+203.079]TSLPFQNIHPITIGK,"defaultdict(<class 'int'>, {'ARP': 1, 'PAN': 2})"
GAINT[+203.079]SLPFQNIHPITIGK,"defaultdict(<class 'int'>, {'ARP': 3, 'PAN': 12})"
STQNAIDEITNK[+14.016],"defaultdict(<class 'int'>, {'ARP': 3, 'PAN': 1})"
STQNAIDEITNK[+14.016]VNSVIEK,"defaultdict(<class 'int'>, {'ARP': 1})"
STQN[+0.984]AIDEITN[+0.984]KVNSVIEK,"defaultdict(<class 'int'>, {'ARP': 6, 'PAN': 2})"
MNTQFT[+203.079]AVGK,"defaultdict(<class 'int'>, {'ARP': 3, 'PAN': 2})"
M[+15.995]NT[+203.079]QFTAVGK,"defaultdict(<class 'int'>, {'ARP': 3, 'PAN': 2})"
NLYEK,"defaultdict(<class 'int'>, {'ARP': 5, 'PAN': 3})"
SQLKNNAK,"defaultdict(<class 'int'>, {'ARP': 2, 'PAN': 2})"
NN[+0.984]AKEIGN[+0.984]GC[+71.037]FEFYHK,"defaultdict(<class 'int'>, {'ARP': 1})"
EIGNGC[+71.037]FEFYHK,"defaultdict(<class 'int'>, {'ARP': 2, 'PAN': 33})"
NGT[+203.079]YDYPK,"defaultdict(<class 'int'>, {'ARP': 2})"
YSEEAKLNREEIDGVK,"defaultdict(<class 'int'>, {'ARP': 1, 'PAN': 1})"
TSSWPNHDSNKGVTAAC[+71.037]PHAGAK,"defaultdict(<class 'int'>, {'ARP': 4, 'PAN': 2})"
GAIN[+203.079]TSLPFQNIHQITIGK,"defaultdict(<class 'int'>, {'ARP': 2})"
GAIN[+203.079]TSLPFQN[+0.984]IHQITIGK,"defaultdict(<class 'int'>, {'ARP': 1})"
GAINTSLPFQN[+0.984]IHQIT[+203.079]IGK,"defaultdict(<class 'int'>, {'ARP': 3})"
STQNAIDQITN[+0.984]KVNSVIEK,"defaultdict(<class 'int'>, {'ARP': 5, 'PAN': 4})"
STQNAIDQITN[+0.984]KVN[+0.984]SVIEK,"defaultdict(<class 'int'>, {'ARP': 2})"
STQNAIDQITN[+0.984]K[+28.031]VNSVIEK[+43.006],"defaultdict(<class 'int'>, {'ARP': 1})"
MNYYWTLVEPGDKR,"defaultdict(<class 'int'>, {'ARP': 1, 'PAN': 11})"
[+43.006]N[+0.984]TIEDIANQTSK[+14.016],"defaultdict(<class 'int'>, {'ARP': 1})"
M[+31.990]N[+0.984]YYWTQVEPGDKITFEATGNLVVPR,"defaultdict(<class 'int'>, {'ARP': 1})"
NVTVTHSVNLLEDK,"defaultdict(<class 'int'>, {'PAN': 14, 'ARP': 1})"
LRGVAPLHLGK,"defaultdict(<class 'int'>, {'PAN': 5})"
TSSWPN[+0.984]HDSNKGVTAAC[+71.037]PHAGAK,"defaultdict(<class 'int'>, {'PAN': 4, 'ARP': 3})"
GVTAAC[+71.037]PHAGAK,"defaultdict(<class 'int'>, {'PAN': 25, 'ARP': 1})"
SFYKN[+0.984]LIWLVK,"defaultdict(<class 'int'>, {'PAN': 1, 'ARP': 1})"
N[+0.984]LIWLVKK,"defaultdict(<class 'int'>, {'PAN': 1, 'ARP': 1})"
NLIWLVK[+28.031]K[+43.006],"defaultdict(<class 'int'>, {'PAN': 1, 'ARP': 1})"
SYIN[+0.984]DK,"defaultdict(<class 'int'>, {'PAN': 1})"
EVLVLWGIHHPSTSADQQSLYQN[+0.984]ADAYVFVGSSR,"defaultdict(<class 'int'>, {'PAN': 11})"
TFK[+14.016]PEIAIRPK,"defaultdict(<class 'int'>, {'PAN': 2, 'ARP': 1})"
MN[+0.984]YYWTLVEPGDKITFEATGNLVVPR,"defaultdict(<class 'int'>, {'PAN': 1, 'ARP': 1})"
M[+15.995]NYYWTLVEPGDKITFEATGN[+0.984]LVVPR,"defaultdict(<class 'int'>, {'PAN': 1, 'ARP': 1})"
NAGSGIIISDTPVHDC[+71.037]NTTC[+71.037]QTPK,"defaultdict(<class 'int'>, {'PAN': 8, 'ARP': 1})"
NAGSGIIISDT[+203.079]PVHDC[+71.037]NTTC[+71.037]QTPK,"defaultdict(<class 'int'>, {'PAN': 1})"
GAINTS[+203.079]LPFQNIHPITIGK,"defaultdict(<class 'int'>, {'PAN': 20, 'ARP': 1})"
GAINTS[+203.079]LPFQN[+0.984]IHPITIGK,"defaultdict(<class 'int'>, {'PAN': 3, 'ARP': 2})"
GAINT[+203.079]SLPFQN[+0.984]IHPITIGK,"defaultdict(<class 'int'>, {'PAN': 4})"
GAINTSLPFQNIHPIT[+203.079]IGKC[+71.037]PK,"defaultdict(<class 'int'>, {'PAN': 1})"
STQNAIDEITNK[+28.031],"defaultdict(<class 'int'>, {'PAN': 2})"
STQNAIDEITN[+0.984]K,"defaultdict(<class 'int'>, {'PAN': 6, 'ARP': 3})"
STQNAIDEITNK[+43.006]VDSVIEK[+28.031],"defaultdict(<class 'int'>, {'PAN': 3})"
MNTQFT[+203.079]AVGKEFNHLEK,"defaultdict(<class 'int'>, {'PAN': 1})"
M[+15.995]NTQFTAVGKEFNHLEK,"defaultdict(<class 'int'>, {'PAN': 6, 'ARP': 3})"
MN[+0.984]TQFTAVGKEFN[+0.984]HLEK,"defaultdict(<class 'int'>, {'PAN': 1})"
MNTQFTAVGKEFN[+0.984]HLEKR,"defaultdict(<class 'int'>, {'PAN': 1, 'ARP': 1})"
MN[+0.984]TQFTAVGKEFN[+0.984]HLEKR,"defaultdict(<class 'int'>, {'PAN': 1})"
E[-18.011]FN[+0.984]HLEKR,"defaultdict(<class 'int'>, {'PAN': 1})"
RIENLNK,"defaultdict(<class 'int'>, {'PAN': 6})"
RIENLNKK,"defaultdict(<class 'int'>, {'PAN': 3})"
RIEN[+0.984]LNKK,"defaultdict(<class 'int'>, {'PAN': 1})"
IENLNKKVDDGFLDIWTYNAELLVLLENER,"defaultdict(<class 'int'>, {'PAN': 1})"
KVDDGFLDIWTYN[+0.984]AELLVLLENER,"defaultdict(<class 'int'>, {'PAN': 3})"
K[+14.016]VDDGFLDIWTYN[+0.984]AELLVLLENER,"defaultdict(<class 'int'>, {'PAN': 2})"
VDDGFLDIWTYNAELLVLLENERTLDYHDSNVK,"defaultdict(<class 'int'>, {'PAN': 7})"
TLDYHDSNVKNLYEK,"defaultdict(<class 'int'>, {'PAN': 10, 'ARP': 8})"
TLDYHDSNVK[+14.016]NLYEK,"defaultdict(<class 'int'>, {'PAN': 2})"
TLDYHDSNVKN[+0.984]LYEK,"defaultdict(<class 'int'>, {'PAN': 14, 'ARP': 2})"
TLDYHDSNVKNLYEKVR,"defaultdict(<class 'int'>, {'PAN': 1, 'ARP': 1})"
NNAKEIGNGC[+71.037]FEFYHK,"defaultdict(<class 'int'>, {'PAN': 6})"
NNAK[+14.016]EIGN[+0.984]GC[+71.037]FEFYHK,"defaultdict(<class 'int'>, {'PAN': 1, 'ARP': 1})"
EIGN[+0.984]GC[+71.037]FEFYHK,"defaultdict(<class 'int'>, {'PAN': 45, 'ARP': 2})"
E[-18.011]IGNGC[+71.037]FEFYHK,"defaultdict(<class 'int'>, {'PAN': 16, 'ARP': 2})"
C[+71.037]DNT[+203.079]C[+71.037]MESVK,"defaultdict(<class 'int'>, {'PAN': 3})"
C[+71.037]DNTC[+71.037]M[+31.990]ESVKN[+0.984]GTYDYPK,"defaultdict(<class 'int'>, {'PAN': 2})"
C[+71.037]DNTC[+71.037]MESVKN[+0.984]GTYDYPKYSEEAK,"defaultdict(<class 'int'>, {'PAN': 1})"
N[+0.984]GTYDYPK,"defaultdict(<class 'int'>, {'PAN': 13, 'ARP': 2})"
LN[+0.984]REEIDGVK,"defaultdict(<class 'int'>, {'PAN': 13, 'ARP': 2})"
STQNAIDEITNKVNSVIEK[+14.016],"defaultdict(<class 'int'>, {'PAN': 1, 'ARP': 1})"
STQNAIDEITNK[+43.006]VNSVIEK[+28.031],"defaultdict(<class 'int'>, {'PAN': 3})"
STQNAIDEITNKVNSVIEK[+28.031]M[+43.006]NTQFTAVGK,"defaultdict(<class 'int'>, {'PAN': 1})"
STQNAIDEITNKVNSVIEKM[+15.995]N[+0.984]TQFTAVGK,"defaultdict(<class 'int'>, {'PAN': 1})"
STQNAIDQITNK[+42.011]VNSVIEK,"defaultdict(<class 'int'>, {'PAN': 1})"
STQN[+0.984]AIDQITNKVN[+0.984]SVIEK,"defaultdict(<class 'int'>, {'PAN': 1, 'ARP': 2})"
KVDDGFLDIWTYNAELLVLLENERTLNYHDSN[+0.984]VK,"defaultdict(<class 'int'>, {'PAN': 1})"
TLNYHDSNVK,"defaultdict(<class 'int'>, {'PAN': 1})"
MNYYWTLVEPGDK[+28.031]RTFEATGNLVVPR,"defaultdict(<class 'int'>, {'PAN': 17})"
SQLK,"defaultdict(<class 'int'>, {'PAN': 1})"
M[+15.995]N[+0.984]YYWTQVEPGDKITFEATGNLVVPR,"defaultdict(<class 'int'>, {'PAN': 1})"
E[-18.011]VFVLWGIHHPSTSADQQSLYQNADAYVFVGSSR,"defaultdict(<class 'int'>, {'PAN': 6})"
GAINT[+203.079]SLPFQN[+0.984]IHQITIGK,"defaultdict(<class 'int'>, {'PAN': 3, 'ARP': 1})"
VLWILNEYFSK,"defaultdict(<class 'int'>, {'PAN': 3})"
NVTVTHSVNLLEDKHN[+0.984]GK,"defaultdict(<class 'int'>, {'PAN': 3})"
C[+71.037]NIAGWILGNPEC[+71.037]ESLSTASSWSYIVETPSSDNGTC[+71.037]YPGDFIDYEELR,"defaultdict(<class 'int'>, {'PAN': 1})"
C[+71.037]N[+0.984]IAGWILGNPEC[+71.037]ESLSTASSWSYIVETPSSDN[+0.984]GTC[+71.037]YPGDFIDYEELR,"defaultdict(<class 'int'>, {'PAN': 1})"
E[-18.011]QLSSVSSFER,"defaultdict(<class 'int'>, {'PAN': 8})"
[+43.006]TSSWPNHDSNK[+28.031]GVTAAC[+71.037]PHAGAK,"defaultdict(<class 'int'>, {'PAN': 1})"
GVTAAC[+71.037]PHAGAK[+43.006]SFYK[+28.031],"defaultdict(<class 'int'>, {'PAN': 4})"
[+43.006]SFYK[+28.031]NLIWLVK,"defaultdict(<class 'int'>, {'PAN': 3})"
NLIWLVK[+14.016],"defaultdict(<class 'int'>, {'PAN': 2})"
NLIWLVK[+43.006]K[+28.031],"defaultdict(<class 'int'>, {'PAN': 4})"
NLIWLVKKGNSYPK,"defaultdict(<class 'int'>, {'PAN': 1})"
GKEVLVLWGIHHPSTSADQQSLYQNADAYVFVGSSR,"defaultdict(<class 'int'>, {'PAN': 8, 'ARP': 1})"
E[-18.011]VLVLWGIHHPSTSADQQSLYQNADAYVFVGSSR,"defaultdict(<class 'int'>, {'PAN': 27})"
[+43.006]EVLVLWGIHHPSTSADQQSLYQN[+0.984]ADAYVFVGSSR,"defaultdict(<class 'int'>, {'PAN': 3})"
E[-18.011]VLVLWGIHHPSTSADQQSLYQN[+0.984]ADAYVFVGSSR,"defaultdict(<class 'int'>, {'PAN': 7})"
EVLVLWGIHHPSTSADQQSLYQNADAYVFVGSSRYSK,"defaultdict(<class 'int'>, {'PAN': 2})"
[+43.006]YSK[+28.031]TFKPEIAIRPK,"defaultdict(<class 'int'>, {'PAN': 5})"
YSK[+42.011]TFKPEIAIRPK,"defaultdict(<class 'int'>, {'PAN': 1})"
[+43.006]TFK[+28.031]PEIAIR,"defaultdict(<class 'int'>, {'PAN': 3})"
PEIAIRPK,"defaultdict(<class 'int'>, {'PAN': 10})"
[+43.006]MN[+0.984]YYWTLVEPGDK,"defaultdict(<class 'int'>, {'PAN': 8})"
[+43.006]MNYYWTLVEPGDK[+28.031]ITFEATGNLVVPR,"defaultdict(<class 'int'>, {'PAN': 1})"
MNYYWTLVEPGDKITFEATGNLVVPRYAFAMER,"defaultdict(<class 'int'>, {'PAN': 31})"
M[+15.995]NYYWTLVEPGDKITFEATGNLVVPRYAFAMER,"defaultdict(<class 'int'>, {'PAN': 1})"
MNYYWTLVEPGDKITFEATGN[+0.984]LVVPRYAFAMER,"defaultdict(<class 'int'>, {'PAN': 1})"
ITFEATGNLVVPRYAFAMER,"defaultdict(<class 'int'>, {'PAN': 2})"
YAFAMERNAGSGIIISDTPVHDC[+71.037]NTTC[+71.037]QTPK,"defaultdict(<class 'int'>, {'PAN': 1})"
NAGSGIIISDTPVHDC[+71.037]N[+0.984]TTC[+71.037]QTPK,"defaultdict(<class 'int'>, {'PAN': 4})"
GAINTSLPFQNIHPITIGK,"defaultdict(<class 'int'>, {'PAN': 3})"
STKLRLATGLR,"defaultdict(<class 'int'>, {'PAN': 2})"
GLFGAIAGFIEGGWTGM[+31.990]VDGWYGYHHQNEQGSGYAADLK,"defaultdict(<class 'int'>, {'PAN': 1})"
GLFGAIAGFIEGGWTGM[+15.995]VDGWYGYHHQNEQGSGYAADLK,"defaultdict(<class 'int'>, {'PAN': 3})"
STQN[+0.984]AIDEITN[+0.984]K,"defaultdict(<class 'int'>, {'PAN': 4})"
STQNAIDEITN[+0.984]K[+43.006]VNSVIEK[+28.031],"defaultdict(<class 'int'>, {'PAN': 3})"
VNSVIEK[+28.031]M[+43.006]NTQFTAVGK,"defaultdict(<class 'int'>, {'PAN': 3})"
MNTQFTAVGK[+43.006]EFNHLEK[+28.031],"defaultdict(<class 'int'>, {'PAN': 1})"
MNTQFTAVGK[+43.006]EFN[+0.984]HLEK[+28.031],"defaultdict(<class 'int'>, {'PAN': 2})"
K[+14.016]VDDGFLDIWTYNAELLVLLENER,"defaultdict(<class 'int'>, {'PAN': 2})"
[+43.006]K[+28.031]VDDGFLDIWTYNAELLVLLENER,"defaultdict(<class 'int'>, {'PAN': 6})"
KVDDGFLDIWTYNAELLVLLENERTLDYHDSNVK,"defaultdict(<class 'int'>, {'PAN': 5})"
[+43.006]K[+28.031]VDDGFLDIWTYNAELLVLLENERTLDYHDSNVK,"defaultdict(<class 'int'>, {'PAN': 2})"
[+43.006]NNAK[+28.031]EIGNGC[+71.037]FEFYHK,"defaultdict(<class 'int'>, {'PAN': 1})"
NNAK[+14.016]EIGNGC[+71.037]FEFYHK,"defaultdict(<class 'int'>, {'PAN': 1})"
C[+71.037]DN[+0.984]TC[+71.037]MESVK,"defaultdict(<class 'int'>, {'PAN': 8})"
C[+71.037]DNTC[+71.037]MESVK[+14.016],"defaultdict(<class 'int'>, {'PAN': 2})"
C[+71.037]DN[+0.984]TC[+71.037]MESVKN[+0.984]GTYDYPK,"defaultdict(<class 'int'>, {'PAN': 3})"
M[+15.995]NYYWTLVEPGDK[+28.031]RTFEATGNLVVPR,"defaultdict(<class 'int'>, {'PAN': 3})"
[+43.006]R[+43.006]TFEATGNLVVPR,"defaultdict(<class 'int'>, {'PAN': 3})"
EVLVQWGIHHPSTSADQQSLYQNADAYVFVGSSR,"defaultdict(<class 'int'>, {'PAN': 7})"
[+43.006]EVLVQWGIHHPSTSADQQSLYQNADAYVFVGSSR,"defaultdict(<class 'int'>, {'PAN': 1})"
[+43.006]YVFAMER,"defaultdict(<class 'int'>, {'PAN': 7})"
[+43.006]YVFAM[+15.995]ER,"defaultdict(<class 'int'>, {'PAN': 2})"
TLVEPGDK,"defaultdict(<class 'int'>, {'PAN': 3})"
SQLKDN[+0.984]AKEIGN[+0.984]GC[+71.037]FEFYHK,"defaultdict(<class 'int'>, {'PAN': 3})"
MNYYWTLVKPGDKITFEATGNLVVPRYAFAMER,"defaultdict(<class 'int'>, {'PAN': 1})"
TLDYHDSNVK[+43.006]N[+0.984]LFEK,"defaultdict(<class 'int'>, {'PAN': 3})"
TSSWPN[+0.984]HDSDKGVTAAC[+71.037]PHAGAK,"defaultdict(<class 'int'>, {'ARP': 6, 'PAN': 2})"
GAINTSLPFQN[+0.984]IHPIT[+203.079]IGKC[+71.037]PK,"defaultdict(<class 'int'>, {'ARP': 1})"
VNSVIEKM[+15.995]N[+0.984]TQFTAVGK,"defaultdict(<class 'int'>, {'ARP': 2})"
YSEEAK,"defaultdict(<class 'int'>, {'ARP': 3, 'PAN': 2})"
E[-18.011]EIDGVKLESTR,"defaultdict(<class 'int'>, {'ARP': 1, 'PAN': 1})"
STQN[+0.984]AIDEITN[+0.984]KVDSVIEK,"defaultdict(<class 'int'>, {'ARP': 3, 'PAN': 2})"
GAIN[+0.984]TSLPFQNIHQITIGK,"defaultdict(<class 'int'>, {'ARP': 1})"
TLNYHDSN[+0.984]VKNLYEKVR,"defaultdict(<class 'int'>, {'ARP': 1})"
M[+15.995]NYYWTQVEPGDKITFEATGNLVVPR,"defaultdict(<class 'int'>, {'ARP': 1})"
ILGNPEC[+71.037]ESLSTASSW,"defaultdict(<class 'int'>, {'PAN': 14, 'ARP': 1})"
SYIVETPSSDNGT[+203.079]C[+71.037]Y,"defaultdict(<class 'int'>, {'PAN': 2})"
SYIVETPSSDNGT[+203.079]C[+71.037]YPGDFIDY,"defaultdict(<class 'int'>, {'PAN': 2})"
PGDFIDYEELREQLSSVSSF,"defaultdict(<class 'int'>, {'PAN': 14, 'ARP': 4})"
EELREQLSSVSSF,"defaultdict(<class 'int'>, {'PAN': 6, 'ARP': 4})"
ERFEIFPKTSSW,"defaultdict(<class 'int'>, {'PAN': 18, 'ARP': 4})"
EIFPKTSSW,"defaultdict(<class 'int'>, {'PAN': 10, 'ARP': 7})"
PKTSSW,"defaultdict(<class 'int'>, {'PAN': 1})"
YKNLIW,"defaultdict(<class 'int'>, {'PAN': 9, 'ARP': 5})"
INDKGKEVLVLW,"defaultdict(<class 'int'>, {'PAN': 261, 'ARP': 3})"
IN[+0.984]DKGKEVLVLW,"defaultdict(<class 'int'>, {'PAN': 22})"
GIHHPSTSADQQSLY,"defaultdict(<class 'int'>, {'PAN': 23, 'ARP': 1})"
QNADAY,"defaultdict(<class 'int'>, {'PAN': 4})"
Q[-17.027]NADAYVF,"defaultdict(<class 'int'>, {'PAN': 2})"
VFVGSSRY,"defaultdict(<class 'int'>, {'PAN': 8, 'ARP': 6})"
YWTLVEPGDKITF,"defaultdict(<class 'int'>, {'PAN': 14, 'ARP': 6})"
WTLVEPGDKITF,"defaultdict(<class 'int'>, {'PAN': 16, 'ARP': 8})"
TLVEPGDKITF,"defaultdict(<class 'int'>, {'PAN': 281, 'ARP': 6})"
[+43.006]TLVEPGDK[+28.031]ITF,"defaultdict(<class 'int'>, {'PAN': 1})"
TLVEPGDK[+14.016]ITF,"defaultdict(<class 'int'>, {'PAN': 2, 'ARP': 1})"
EATGNLVVPRY,"defaultdict(<class 'int'>, {'PAN': 10, 'ARP': 4})"
EATGNLVVPRYAF,"defaultdict(<class 'int'>, {'PAN': 40, 'ARP': 11})"
EATGN[+0.984]LVVPRYAF,"defaultdict(<class 'int'>, {'PAN': 10, 'ARP': 4})"
E[-18.011]ATGNLVVPRYAF,"defaultdict(<class 'int'>, {'PAN': 12})"
QNIHPITIGKC[+71.037]PKY,"defaultdict(<class 'int'>, {'PAN': 26, 'ARP': 2})"
Q[-17.027]NIHPITIGKC[+71.037]PKY,"defaultdict(<class 'int'>, {'PAN': 21, 'ARP': 6})"
GAIAGFIEGGW,"defaultdict(<class 'int'>, {'PAN': 35})"
IEGGW,"defaultdict(<class 'int'>, {'PAN': 4, 'ARP': 1})"
IEGGWTGMVDGW,"defaultdict(<class 'int'>, {'PAN': 26})"
IEGGWTGMVDGWY,"defaultdict(<class 'int'>, {'PAN': 25})"
IEGGWTGM[+15.995]VDGWY,"defaultdict(<class 'int'>, {'PAN': 20})"
TGMVDGW,"defaultdict(<class 'int'>, {'PAN': 5})"
TGM[+15.995]VDGW,"defaultdict(<class 'int'>, {'PAN': 1, 'ARP': 1})"
TGMVDGWY,"defaultdict(<class 'int'>, {'PAN': 9})"
TGM[+15.995]VDGWY,"defaultdict(<class 'int'>, {'PAN': 8})"
TGMVDGWYGY,"defaultdict(<class 'int'>, {'PAN': 8, 'ARP': 1})"
TGM[+15.995]VDGWYGY,"defaultdict(<class 'int'>, {'PAN': 13})"
YGYHHQNEQGSGY,"defaultdict(<class 'int'>, {'PAN': 4, 'ARP': 3})"
GYHHQNEQGSGY,"defaultdict(<class 'int'>, {'PAN': 20, 'ARP': 7})"
GYHHQN[+0.984]EQGSGY,"defaultdict(<class 'int'>, {'PAN': 10})"
HHQNEQGSGY,"defaultdict(<class 'int'>, {'PAN': 39, 'ARP': 1})"
HHQN[+0.984]EQGSGY,"defaultdict(<class 'int'>, {'PAN': 13})"
AADLKSTQNAIDEITNKVDSVIEKMNTQF,"defaultdict(<class 'int'>, {'PAN': 50, 'ARP': 6})"
AADLKSTQNAIDEITNKVDSVIEKM[+15.995]NTQF,"defaultdict(<class 'int'>, {'PAN': 23, 'ARP': 2})"
TAVGKEF,"defaultdict(<class 'int'>, {'PAN': 1})"
HDSNVKNLY,"defaultdict(<class 'int'>, {'PAN': 16, 'ARP': 2})"
[+43.006]HDSNVK[+28.031]NLY,"defaultdict(<class 'int'>, {'PAN': 2})"
QILAIY,"defaultdict(<class 'int'>, {'PAN': 7})"
E[-18.011]IFPKTSSW,"defaultdict(<class 'int'>, {'PAN': 4})"
[+43.006]RTLVEPGDKITF,"defaultdict(<class 'int'>, {'PAN': 1})"
TLVEPGDK[+28.031]RTF,"defaultdict(<class 'int'>, {'PAN': 1})"
LVKKGNSYPKLSKSY,"defaultdict(<class 'int'>, {'ARP': 2, 'PAN': 15})"
GIHHPSTSADQQSLYQNADAY,"defaultdict(<class 'int'>, {'ARP': 7, 'PAN': 10})"
GIHHPSTSADQQSLYQN[+0.984]ADAY,"defaultdict(<class 'int'>, {'ARP': 1, 'PAN': 3})"
QNADAYVFVGSSRY,"defaultdict(<class 'int'>, {'ARP': 5, 'PAN': 1})"
VFVGSSRYSKTF,"defaultdict(<class 'int'>, {'ARP': 2, 'PAN': 1})"
TLVEPGDKITFEATGNLVVPRYAF,"defaultdict(<class 'int'>, {'ARP': 3, 'PAN': 6})"
AADLKSTQNAIDEITNKVNSVIEKMNTQF,"defaultdict(<class 'int'>, {'ARP': 5, 'PAN': 51})"
AADLKSTQN[+0.984]AIDEITNKVNSVIEKMNTQF,"defaultdict(<class 'int'>, {'ARP': 1, 'PAN': 19})"
TYNAELLVLLENERTLDY,"defaultdict(<class 'int'>, {'ARP': 2, 'PAN': 6})"
NAELLVLLENERTLDY,"defaultdict(<class 'int'>, {'ARP': 4, 'PAN': 13})"
NAELLVLLENERTLDYHDSNVKNLY,"defaultdict(<class 'int'>, {'ARP': 3, 'PAN': 23})"
N[+0.984]AELLVLLENERTLDYHDSNVKNLY,"defaultdict(<class 'int'>, {'ARP': 1, 'PAN': 1})"
EATGNLVVPR[+43.006]YVF,"defaultdict(<class 'int'>, {'ARP': 5, 'PAN': 1})"
QNIHQITIGKC[+71.037]PKY,"defaultdict(<class 'int'>, {'ARP': 3})"
TYNAELLVLLEN[+0.984]ERTLNYHDSNVKNLY,"defaultdict(<class 'int'>, {'ARP': 1})"
AADLKSTQNAIDEITNKVNSVIEKMNTQY,"defaultdict(<class 'int'>, {'ARP': 1, 'PAN': 11})"
AADLKSTQNAIDEITN[+0.984]KVNSVIEKMNTQY,"defaultdict(<class 'int'>, {'ARP': 1, 'PAN': 1})"
AADPK[+14.016]STQN[+0.984]AIDEITNKVNSVIEKMNTQF,"defaultdict(<class 'int'>, {'ARP': 2, 'PAN': 1})"
[+43.006]RK[+79.966]AILVVLLYTF,"defaultdict(<class 'int'>, {'PAN': 1})"
EELREQLSSVSSFERF,"defaultdict(<class 'int'>, {'PAN': 1, 'ARP': 1})"
[+43.006]ERFEIF,"defaultdict(<class 'int'>, {'PAN': 1})"
[+43.006]PK[+43.006]TSSW,"defaultdict(<class 'int'>, {'PAN': 1})"
PK[+79.966]TSS[+203.079]W,"defaultdict(<class 'int'>, {'PAN': 1})"
KNLIW,"defaultdict(<class 'int'>, {'PAN': 1})"
INDKGKEVLVLWGIHHPSTSADQQSLY,"defaultdict(<class 'int'>, {'PAN': 1})"
GIHHPSTSADQQSLYQNADAYVF,"defaultdict(<class 'int'>, {'PAN': 1})"
TLVEPGDKITFEATGNLVVPRY,"defaultdict(<class 'int'>, {'PAN': 1})"
GAIAGF,"defaultdict(<class 'int'>, {'PAN': 3})"
TYNAELLVLLENERTLDYHDSNVKNLY,"defaultdict(<class 'int'>, {'PAN': 13, 'ARP': 2})"
DYPKY,"defaultdict(<class 'int'>, {'PAN': 2, 'ARP': 1})"
SVIEKMNTQF,"defaultdict(<class 'int'>, {'PAN': 1})"
SVIEKM[+15.995]NTQF,"defaultdict(<class 'int'>, {'PAN': 1})"
[+43.006]EKVRSQLKY,"defaultdict(<class 'int'>, {'PAN': 6})"
EKVR[+43.006]SQLKY,"defaultdict(<class 'int'>, {'PAN': 1})"
NAKEIGNGC[+71.037]FEF,"defaultdict(<class 'int'>, {'PAN': 1})"
[+43.006]NAK[+14.016]EIGNGC[+71.037]FEF,"defaultdict(<class 'int'>, {'PAN': 1})"
NAKEIGN[+0.984]GC[+71.037]FEF,"defaultdict(<class 'int'>, {'PAN': 2})"
NAKEIGNGC[+71.037]FEFY,"defaultdict(<class 'int'>, {'PAN': 1})"
NAKEIGN[+0.984]GC[+71.037]FEFY,"defaultdict(<class 'int'>, {'PAN': 1})"
DYPKYSEEAKLY,"defaultdict(<class 'int'>, {'PAN': 1})"
[+43.006]PKYSEEAK[+42.011]LY,"defaultdict(<class 'int'>, {'PAN': 1})"
[+43.006]PK[+43.006]YSEEAK[+14.016]LY,"defaultdict(<class 'int'>, {'PAN': 1})"
REEIDGVKLESTRIY,"defaultdict(<class 'int'>, {'PAN': 1})"
[+43.006]ILGN[+0.984]PEC[+71.037]ESF,"defaultdict(<class 'int'>, {'PAN': 1})"
STASSW,"defaultdict(<class 'int'>, {'PAN': 4})"
ENERTLDYHDSNVKNLY,"defaultdict(<class 'int'>, {'PAN': 1})"
LVK[+43.006]K[+43.006]GYSY,"defaultdict(<class 'int'>, {'PAN': 1})"
SYPKLSKSY,"defaultdict(<class 'int'>, {'PAN': 1})"
SYPK[+28.031]LSKSY,"defaultdict(<class 'int'>, {'PAN': 1})"
[+43.006]SYPKLSK[+14.016]SY,"defaultdict(<class 'int'>, {'PAN': 1})"
AIDEITNKVNSVIEKMNTQF,"defaultdict(<class 'int'>, {'PAN': 1})"
AIDEITNKVNSVIEKM[+15.995]NTQF,"defaultdict(<class 'int'>, {'PAN': 1})"
AIDEITNKVN[+0.984]SVIEKMNTQF,"defaultdict(<class 'int'>, {'PAN': 1})"
AIDEITN[+0.984]KVNSVIEKMNTQF,"defaultdict(<class 'int'>, {'PAN': 1})"
[+43.006]AIDEITNKVNSVIEK[+14.016]MNTQFTAVGKEF,"defaultdict(<class 'int'>, {'PAN': 1})"
[+43.006]SS[+203.079]VSSF,"defaultdict(<class 'int'>, {'PAN': 1})"
SSVSSFERF,"defaultdict(<class 'int'>, {'PAN': 2})"
[+43.006]YDSNVKNLY,"defaultdict(<class 'int'>, {'PAN': 1})"
DSNVKNLY,"defaultdict(<class 'int'>, {'PAN': 1})"
DSNVK[+79.966]NLY,"defaultdict(<class 'int'>, {'PAN': 1})"
DS[+203.079]NVK[+43.006]NLY,"defaultdict(<class 'int'>, {'PAN': 1})"
DYHDSNVKNLY,"defaultdict(<class 'int'>, {'PAN': 2})"
DYHDSN[+0.984]VKNLY,"defaultdict(<class 'int'>, {'PAN': 3})"
DYHDSNVKN[+0.984]LY,"defaultdict(<class 'int'>, {'PAN': 1})"
DYPKYSEEAK[+42.011]F,"defaultdict(<class 'int'>, {'PAN': 1})"
S[+203.079]EEAKF,"defaultdict(<class 'int'>, {'PAN': 1})"
NREEIDGVKLESTRIY,"defaultdict(<class 'int'>, {'PAN': 2})"
N[+0.984]REEIDGVKLESTRIY,"defaultdict(<class 'int'>, {'PAN': 1})"
[+43.006]PKLSK[+42.011]SYIY,"defaultdict(<class 'int'>, {'PAN': 1})"
[+43.006]PKLSKSYIY,"defaultdict(<class 'int'>, {'PAN': 1})"
DKGKEVLVLW,"defaultdict(<class 'int'>, {'PAN': 1})"
[+43.006]DK[+42.011]GKEVLVLW,"defaultdict(<class 'int'>, {'PAN': 1})"
[+43.006]DK[+42.011]GK[+43.006]EVLVLW,"defaultdict(<class 'int'>, {'PAN': 1})"
EATGDLVVPRYAF,"defaultdict(<class 'int'>, {'PAN': 1})"
E[-18.011]ATGDLVVPRYAF,"defaultdict(<class 'int'>, {'PAN': 2})"
KKVDDGFLDIW,"defaultdict(<class 'int'>, {'PAN': 2})"
KKVDDGFLDIWTY,"defaultdict(<class 'int'>, {'PAN': 1})"
VKSTKLR[+43.006]LATGW,"defaultdict(<class 'int'>, {'PAN': 1})"
RNIPSIQSRGLF,"defaultdict(<class 'int'>, {'PAN': 1})"
TLVEPGDKITFQATGN[+0.984]LVVPRYAF,"defaultdict(<class 'int'>, {'PAN': 1})"
QATGN[+0.984]LVVPRYAF,"defaultdict(<class 'int'>, {'PAN': 2})"
VLLEN[+0.984]ERTLDY,"defaultdict(<class 'int'>, {'PAN': 2})"
VLLENERTLDYHDSNVKNLY,"defaultdict(<class 'int'>, {'PAN': 1})"
VLLEN[+0.984]ERTLDYHDSNVKNLY,"defaultdict(<class 'int'>, {'PAN': 1})"
VLLENERTLDYHDSN[+0.984]VKNLY,"defaultdict(<class 'int'>, {'PAN': 1})"
HLGKC[+71.037]NIAGW,"defaultdict(<class 'int'>, {'PAN': 2})"
PKLSKSYINY,"defaultdict(<class 'int'>, {'PAN': 1})"
KGKEVLVLW,"defaultdict(<class 'int'>, {'PAN': 1})"
LNKKVDDGFLDIW,"defaultdict(<class 'int'>, {'PAN': 2})"
LNKKVDDGFLDIWTY,"defaultdict(<class 'int'>, {'PAN': 1})"
NKKVDDGFLDIW,"defaultdict(<class 'int'>, {'PAN': 3})"
N[+0.984]KKVDDGFLDIW,"defaultdict(<class 'int'>, {'PAN': 1})"
NKKVDDGFLDIWTY,"defaultdict(<class 'int'>, {'PAN': 2})"
N[+0.984]KKVDDGFLDIWTY,"defaultdict(<class 'int'>, {'PAN': 2})"
INDK[+28.031]GTEVLVLW,"defaultdict(<class 'int'>, {'PAN': 1})"
TLVEPGDK[+42.011]VTF,"defaultdict(<class 'int'>, {'PAN': 1})"
GYHHQDEQGSGY,"defaultdict(<class 'int'>, {'PAN': 1})"
LVKKGDSYPKLSKSY,"defaultdict(<class 'int'>, {'PAN': 3})"
IDDKGKEVLVLW,"defaultdict(<class 'int'>, {'PAN': 1})"
NIPSIQSRGLF,"defaultdict(<class 'int'>, {'PAN': 2})"
[+43.006]INDKGIEVLVLW,"defaultdict(<class 'int'>, {'PAN': 1})"
QTPKGAINT[+203.079]SLPF,"defaultdict(<class 'int'>, {'PAN': 1})"
INDK[+28.031]GKEALVLW,"defaultdict(<class 'int'>, {'PAN': 1})"
INDK[+14.016]GK[+43.006]EALVLW,"defaultdict(<class 'int'>, {'PAN': 1})"
TLIEPGDKITF,"defaultdict(<class 'int'>, {'PAN': 1})"
TLLEPGDKITF,"defaultdict(<class 'int'>, {'PAN': 1})"
[+43.006]HDSNVKNSY,"defaultdict(<class 'int'>, {'PAN': 1})"
HDS[+203.079]NVKNSY,"defaultdict(<class 'int'>, {'PAN': 1})"
[+43.006]HDSNVK[+42.011]N[+0.984]SY,"defaultdict(<class 'int'>, {'PAN': 1})"
E[-18.011]NADAY,"defaultdict(<class 'int'>, {'PAN': 1})"
QNIHPITIGKC[+71.037]AK[+42.011]Y,"defaultdict(<class 'int'>, {'PAN': 1})"
E[-18.011]NIHPITIGKC[+71.037]PKY,"defaultdict(<class 'int'>, {'PAN': 2})"
SEEAK[+14.016]VNREEIDGVKLESTRIY,"defaultdict(<class 'int'>, {'PAN': 1})"
EATGKLVVPRY,"defaultdict(<class 'int'>, {'PAN': 1})"
GIHHPSTN[+0.984]ADQQSLY,"defaultdict(<class 'int'>, {'PAN': 1})"
[+43.006]PK[+42.011]LSK[+43.006]FY,"defaultdict(<class 'int'>, {'PAN': 1})"
YINDKGKEVLVLW,"defaultdict(<class 'int'>, {'PAN': 1})"
INDKGK[+42.011]EVF,"defaultdict(<class 'int'>, {'PAN': 1})"
VLWGIHHPSTSADQQSLY,"defaultdict(<class 'int'>, {'PAN': 7})"
VLWGIHHPSTSADQQSLYQNADAY,"defaultdict(<class 'int'>, {'PAN': 1, 'ARP': 2})"
[+43.006]ERFEMF,"defaultdict(<class 'int'>, {'PAN': 1})"
[+43.006]EM[+43.006]F,"defaultdict(<class 'int'>, {'PAN': 1})"
E[-18.011]M[+43.006]F,"defaultdict(<class 'int'>, {'PAN': 1})"
EMFPK[+43.006]TSSW,"defaultdict(<class 'int'>, {'PAN': 1})"
EM[+15.995]FPK[+14.016]TSSW,"defaultdict(<class 'int'>, {'PAN': 1})"
LDIGTY,"defaultdict(<class 'int'>, {'PAN': 1})"
[+43.006]LDIGTY,"defaultdict(<class 'int'>, {'PAN': 1})"
QNIDPITIGKC[+71.037]PKY,"defaultdict(<class 'int'>, {'PAN': 1})"
TLVEPGDK[+43.006]ITFEATGY,"defaultdict(<class 'int'>, {'PAN': 1})"
LVVPRYAF,"defaultdict(<class 'int'>, {'PAN': 1})"
IN[+0.984]DKGKGVLVLW,"defaultdict(<class 'int'>, {'PAN': 1})"
INDKGK[+79.966]GVLVLW,"defaultdict(<class 'int'>, {'PAN': 1})"
INDK[+79.966]GKGVLVLW,"defaultdict(<class 'int'>, {'PAN': 1})"
[+43.006]EATVNLVVPRY,"defaultdict(<class 'int'>, {'PAN': 2})"
GNHHPSTSADQQSLYQNADAY,"defaultdict(<class 'int'>, {'PAN': 1})"
GNHHPSTSADQQSLYQNADAYVF,"defaultdict(<class 'int'>, {'PAN': 1})"
HK[+43.006]TSSW,"defaultdict(<class 'int'>, {'PAN': 1})"
AADLKTTQNAIDEITNKVNSVIEKMNTQF,"defaultdict(<class 'int'>, {'PAN': 1})"
TGMVDGLY,"defaultdict(<class 'int'>, {'PAN': 2})"
TGM[+15.995]VDGLY,"defaultdict(<class 'int'>, {'PAN': 2})"
IN[+0.984]DKGKQVLVLW,"defaultdict(<class 'int'>, {'PAN': 1})"
LAKKGNSY,"defaultdict(<class 'int'>, {'PAN': 1})"
YHDSNVKNLY,"defaultdict(<class 'int'>, {'PAN': 2})"
[+43.006]LVK[+14.016]IGNSY,"defaultdict(<class 'int'>, {'PAN': 1})"
LVK[+42.011]IGNS[+203.079]Y,"defaultdict(<class 'int'>, {'PAN': 2})"
[+43.006]NK[+43.006]NLIW,"defaultdict(<class 'int'>, {'PAN': 1})"
NK[+14.016]NLIW,"defaultdict(<class 'int'>, {'PAN': 1})"
[+43.006]NKNLIW,"defaultdict(<class 'int'>, {'PAN': 1})"
EIFAK[+42.011]TSSW,"defaultdict(<class 'int'>, {'PAN': 1})"
[+43.006]AK[+28.031]TSSW,"defaultdict(<class 'int'>, {'PAN': 1})"
[+43.006]AK[+28.031]T[+203.079]SSW,"defaultdict(<class 'int'>, {'PAN': 1})"
IEGGWTGKVDGW,"defaultdict(<class 'int'>, {'PAN': 1})"
TGK[+28.031]VDGWY,"defaultdict(<class 'int'>, {'PAN': 2})"
[+43.006]TGKVDGWYGY,"defaultdict(<class 'int'>, {'PAN': 1})"
[+43.006]AADLK[+42.011]STQNAIY,"defaultdict(<class 'int'>, {'PAN': 1})"
EITNKVNSVIEKMNTQF,"defaultdict(<class 'int'>, {'PAN': 1})"
EITN[+0.984]KVN[+0.984]SVIEKMNTQF,"defaultdict(<class 'int'>, {'PAN': 1})"
KVNSVIEKMNTQF,"defaultdict(<class 'int'>, {'PAN': 1})"
KVN[+0.984]SVIEKMNTQF,"defaultdict(<class 'int'>, {'PAN': 1})"
KVNSVIEKMN[+0.984]TQF,"defaultdict(<class 'int'>, {'PAN': 1})"
KVNSVIEKM[+15.995]NTQF,"defaultdict(<class 'int'>, {'PAN': 1})"
K[+28.031]VNSVIEKM[+31.990]NTQF,"defaultdict(<class 'int'>, {'PAN': 1})"
WTPVEPGDK[+28.031]ITF,"defaultdict(<class 'int'>, {'PAN': 1})"
HDSNMKNLY,"defaultdict(<class 'int'>, {'PAN': 1})"
HDSNMK[+28.031]NLY,"defaultdict(<class 'int'>, {'PAN': 1})"
HDSN[+0.984]MK[+14.016]NLY,"defaultdict(<class 'int'>, {'PAN': 1})"
[+43.006]LGK[+14.016]C[+71.037]NIAGW,"defaultdict(<class 'int'>, {'PAN': 1})"
HLQN[+0.984]EQGSGY,"defaultdict(<class 'int'>, {'PAN': 1})"
[+43.006]INLIW,"defaultdict(<class 'int'>, {'PAN': 1})"
SQTF,"defaultdict(<class 'int'>, {'PAN': 1})"
LNIW,"defaultdict(<class 'int'>, {'PAN': 1})"
LGAISF,"defaultdict(<class 'int'>, {'PAN': 1})"
[+43.006]SEEAK[+42.011]LNREEIY,"defaultdict(<class 'int'>, {'PAN': 1})"
GVK[+42.011]LESTRIY,"defaultdict(<class 'int'>, {'PAN': 2})"
GVK[+79.966]LESTRIY,"defaultdict(<class 'int'>, {'PAN': 1})"
GVK[+14.016]LESTR[+43.006]IY,"defaultdict(<class 'int'>, {'PAN': 1})"
TADLKSTQNAIDEITNKVNSVIEKMNTQF,"defaultdict(<class 'int'>, {'PAN': 1})"
ATDLKSTQNAIDEITNKVNSVIEKMNTQF,"defaultdict(<class 'int'>, {'PAN': 1})"
TTC[+71.037]QTPKGAIN[+0.984]TSLPF,"defaultdict(<class 'int'>, {'PAN': 1})"
PADLKSTQNAIDEITNKVNSVIEKMNTQF,"defaultdict(<class 'int'>, {'PAN': 1})"
[+43.006]VIEKMN[+0.984]TQF,"defaultdict(<class 'int'>, {'PAN': 1})"
[+43.006]VIEKMNTQF,"defaultdict(<class 'int'>, {'PAN': 1})"
[+43.006]VIEK[+14.016]M[+15.995]NTQF,"defaultdict(<class 'int'>, {'PAN': 1})"
VIEK[+14.016]MN[+0.984]TQF,"defaultdict(<class 'int'>, {'PAN': 1})"
FIDYEELREQLSSVSSF,"defaultdict(<class 'int'>, {'PAN': 1})"
[+43.006]TLC[+71.037]IGY,"defaultdict(<class 'int'>, {'PAN': 1})"
TYNAELLVLLEDERTLDYHDSNVKNLY,"defaultdict(<class 'int'>, {'PAN': 1})"
NAELLVLLEDERTLDYHDSNVKN[+0.984]LY,"defaultdict(<class 'int'>, {'PAN': 1})"
INDKGKEVLMLW,"defaultdict(<class 'int'>, {'PAN': 1})"
INDK[+79.966]GKEVLMLW,"defaultdict(<class 'int'>, {'PAN': 1})"
PTLSK[+28.031]SY,"defaultdict(<class 'int'>, {'PAN': 1})"
[+43.006]PTLSK[+28.031]SY,"defaultdict(<class 'int'>, {'PAN': 2})"
ERIEIF,"defaultdict(<class 'int'>, {'PAN': 2})"
[+43.006]ERIEIF,"defaultdict(<class 'int'>, {'PAN': 2})"
ERLEIF,"defaultdict(<class 'int'>, {'PAN': 2})"
[+43.006]ERLEIF,"defaultdict(<class 'int'>, {'PAN': 2})"
LKSTQNAIDEITNKVNSVIEKMNTQF,"defaultdict(<class 'int'>, {'PAN': 1})"
AADLKSTQNAIDEITNKVNSVIEQMNTQF,"defaultdict(<class 'int'>, {'PAN': 1})"
AADLKSTQNAIDEITNKVNSVIEQM[+15.995]NTQF,"defaultdict(<class 'int'>, {'PAN': 1})"
AADLK[+28.031]STQNAIDEITNKVNSVIEQMNTQF,"defaultdict(<class 'int'>, {'PAN': 2})"
T[+203.079]KTSSW,"defaultdict(<class 'int'>, {'PAN': 1})"
[+43.006]T[+203.079]KTSSW,"defaultdict(<class 'int'>, {'PAN': 1})"
E[-18.011]ATENLVVPR[+43.006]Y,"defaultdict(<class 'int'>, {'PAN': 1})"
AGAKSFYKNLIW,"defaultdict(<class 'int'>, {'PAN': 1})"
AGAKSFYK[+28.031]NLIW,"defaultdict(<class 'int'>, {'PAN': 1})"
E[-18.011]ATGN[+0.984]LVVLRY,"defaultdict(<class 'int'>, {'PAN': 1})"
HDSN[+0.984]VM[+43.006]NLY,"defaultdict(<class 'int'>, {'PAN': 1})"
TLVEPGDKITY,"defaultdict(<class 'int'>, {'PAN': 1})"
[+43.006]TLVEPGDK[+42.011]ITY,"defaultdict(<class 'int'>, {'PAN': 1})"
[+43.006]TLVEPGDKITY,"defaultdict(<class 'int'>, {'PAN': 1})"
TLVEPGDK[+28.031]IT[+203.079]Y,"defaultdict(<class 'int'>, {'PAN': 1})"
INDKGK[+28.031]EF,"defaultdict(<class 'int'>, {'PAN': 1})"
[+43.006]INDKGKEF,"defaultdict(<class 'int'>, {'PAN': 1})"
[+43.006]YHKC[+71.037]DN[+0.984]TY,"defaultdict(<class 'int'>, {'PAN': 1})"
LVNKGNS[+203.079]Y,"defaultdict(<class 'int'>, {'PAN': 1})"
[+43.006]QN[+0.984]ADAF,"defaultdict(<class 'int'>, {'PAN': 1})"
PKTSAW,"defaultdict(<class 'int'>, {'PAN': 1})"
PKT[+203.079]S[+203.079]AW,"defaultdict(<class 'int'>, {'PAN': 2})"
[+43.006]ERVEIFPK[+14.016]TSSW,"defaultdict(<class 'int'>, {'PAN': 1})"
VIFPK[+14.016]TSSW,"defaultdict(<class 'int'>, {'PAN': 1})"
[+43.006]EIFPK[+79.966]TRSW,"defaultdict(<class 'int'>, {'PAN': 1})"
[+43.006]TAVSK[+14.016]EF,"defaultdict(<class 'int'>, {'PAN': 1})"
AADLK[+14.016]STQNAIDDITNKVNSVIEKMNTQF,"defaultdict(<class 'int'>, {'PAN': 1})"
[+43.006]EIFPKTSTW,"defaultdict(<class 'int'>, {'PAN': 1})"
EIFPK[+42.011]T[+203.079]S[+203.079]TW,"defaultdict(<class 'int'>, {'PAN': 1})"
[+43.006]PKTS[+203.079]TW,"defaultdict(<class 'int'>, {'PAN': 2})"
[+43.006]PKTST[+203.079]W,"defaultdict(<class 'int'>, {'PAN': 1})"
PK[+42.011]TS[+203.079]TW,"defaultdict(<class 'int'>, {'PAN': 1})"
AADLKSTQNAIDEISNK[+14.016]VNSVIEKMNTQF,"defaultdict(<class 'int'>, {'PAN': 1})"
[+43.006]NGSLQC[+71.037]RIC[+71.037]I,"defaultdict(<class 'int'>, {'PAN': 1})"
C[+71.037]KTF,"defaultdict(<class 'int'>, {'PAN': 1})"
RIC[+71.037]I,"defaultdict(<class 'int'>, {'PAN': 1})"
ERF,"defaultdict(<class 'int'>, {'PAN': 1})"
NAELLVLLEN[+0.984]ERTLDYHDSNVKDLY,"defaultdict(<class 'int'>, {'PAN': 1})"
HDS[+203.079]NVKDLY,"defaultdict(<class 'int'>, {'PAN': 1})"
[+43.006]HDSNVK[+14.016]DLY,"defaultdict(<class 'int'>, {'PAN': 1})"
[+43.006]INDK[+43.006]GKAVLVLW,"defaultdict(<class 'int'>, {'PAN': 1})"
[+43.006]YHK[+43.006]C[+71.037]DNTF,"defaultdict(<class 'int'>, {'PAN': 1})"
[+43.006]HK[+43.006]C[+71.037]DNTF,"defaultdict(<class 'int'>, {'PAN': 1})"
M[+15.995]ESVK[+42.011]N[+0.984]GTYDY,"defaultdict(<class 'int'>, {'PAN': 1})"
[+43.006]WLC[+71.037]SN[+0.984]GSLQC[+71.037]RIC[+71.037],"defaultdict(<class 'int'>, {'PAN': 1})"
QILAF,"defaultdict(<class 'int'>, {'PAN': 1})"
Q[-17.027]ILAF,"defaultdict(<class 'int'>, {'PAN': 2})"
AADLRSTQNAIDEITNKVNSVIEKMNTQF,"defaultdict(<class 'int'>, {'PAN': 1})"
Q[-17.027]NIHPITIGK[+43.006]C[+71.037]PTY,"defaultdict(<class 'int'>, {'PAN': 1})"
EATGNLMVPRY,"defaultdict(<class 'int'>, {'PAN': 2})"
ESTGNLVVPRY,"defaultdict(<class 'int'>, {'PAN': 1})"
HPSTSADQQSLY,"defaultdict(<class 'int'>, {'PAN': 1})"
IEGGWTGMVEGW,"defaultdict(<class 'int'>, {'PAN': 1})"
IEGGWTGM[+15.995]VEGW,"defaultdict(<class 'int'>, {'PAN': 1})"
EIFPETSSW,"defaultdict(<class 'int'>, {'PAN': 1})"
NIAGW,"defaultdict(<class 'int'>, {'PAN': 1})"
[+43.006]EK[+28.031]FPKTSSW,"defaultdict(<class 'int'>, {'PAN': 1})"
E[-18.011]KFPKTSSW,"defaultdict(<class 'int'>, {'PAN': 1})"
E[-18.011]K[+43.006]FPKTSSW,"defaultdict(<class 'int'>, {'PAN': 1})"
QNIHPITIRKC[+71.037]PKY,"defaultdict(<class 'int'>, {'PAN': 1})"
Q[-17.027]NIHPITIRKC[+71.037]PKY,"defaultdict(<class 'int'>, {'PAN': 1})"
AADLKSSQNAIDEITNK[+14.016]VNSVIEKMNTQFTAVGKEF,"defaultdict(<class 'int'>, {'PAN': 1})"
NHLEK[+14.016]RIENLNKKVDDGFVDIW,"defaultdict(<class 'int'>, {'PAN': 1})"
VGSSRYSK[+14.016]AF,"defaultdict(<class 'int'>, {'PAN': 1})"
SK[+42.011]AF,"defaultdict(<class 'int'>, {'PAN': 1})"
HDSNVKTLY,"defaultdict(<class 'int'>, {'PAN': 1})"
[+43.006]VK[+42.011]NLY,"defaultdict(<class 'int'>, {'PAN': 1})"
[+43.006]VK[+14.016]NLY,"defaultdict(<class 'int'>, {'PAN': 1})"
LVIK[+28.031]GN[+0.984]SY,"defaultdict(<class 'int'>, {'PAN': 1})"
AADLK[+42.011]STQNAVDEITNKVNSVIEKM[+15.995]NTQF,"defaultdict(<class 'int'>, {'PAN': 1})"
[+43.006]INDKW,"defaultdict(<class 'int'>, {'PAN': 1})"
[+43.006]IN[+0.984]DKW,"defaultdict(<class 'int'>, {'PAN': 1})"
RDSNVK[+28.031]NLY,"defaultdict(<class 'int'>, {'PAN': 1})"
[+43.006]RDSNVK[+42.011]NLY,"defaultdict(<class 'int'>, {'PAN': 1})"
[+43.006]RDSNVKNLY,"defaultdict(<class 'int'>, {'PAN': 1})"
[+43.006]RDS[+203.079]NVK[+14.016]NLY,"defaultdict(<class 'int'>, {'PAN': 1})"
[+43.006]K[+79.966]AMLVVLLY,"defaultdict(<class 'int'>, {'PAN': 1})"
EIFPK[+14.016]PSSW,"defaultdict(<class 'int'>, {'PAN': 1})"
INDEGK[+28.031]EVLVLW,"defaultdict(<class 'int'>, {'PAN': 1})"
[+43.006]TLVEPADK[+43.006]ITF,"defaultdict(<class 'int'>, {'PAN': 1})"
GKC[+71.037]N[+0.984]IAGW,"defaultdict(<class 'int'>, {'PAN': 1})"
KN[+0.984]LVW,"defaultdict(<class 'int'>, {'PAN': 1})"
[+43.006]LVK[+28.031]KGNTY,"defaultdict(<class 'int'>, {'PAN': 1})"
[+43.006]INDKAK[+42.011]EVLVLW,"defaultdict(<class 'int'>, {'PAN': 1})"
[+43.006]INDK[+14.016]AK[+43.006]EVLVLW,"defaultdict(<class 'int'>, {'PAN': 1})"
AADLKSTQNAIDEITNKVN[+0.984]SVIEKMNTQY,"defaultdict(<class 'int'>, {'PAN': 2, 'ARP': 1})"
AADLKSTQN[+0.984]AIDEITNKVNSVIEKMNTQY,"defaultdict(<class 'int'>, {'PAN': 1})"
QILTIY,"defaultdict(<class 'int'>, {'PAN': 1})"
[+43.006]HDSNGKNLY,"defaultdict(<class 'int'>, {'PAN': 1})"
LVKKENSYPKLSKSY,"defaultdict(<class 'int'>, {'PAN': 1})"
EIFPKTSSWPNHDSNK[+14.016]GVSAAC[+71.037]PHAGAKSF,"defaultdict(<class 'int'>, {'PAN': 1})"
[+43.006]EELIEQLSSVSSF,"defaultdict(<class 'int'>, {'PAN': 1})"
[+43.006]IQSRGLFGAIAGF,"defaultdict(<class 'int'>, {'PAN': 1})"
[+43.006]AFAM[+43.006]ERNAGSGIIF,"defaultdict(<class 'int'>, {'PAN': 1})"
[+43.006]AMERN[+0.984]AGSGIIF,"defaultdict(<class 'int'>, {'PAN': 1})"
[+43.006]TLEEPGDK[+28.031]ITF,"defaultdict(<class 'int'>, {'PAN': 2})"
T[+203.079]LEEPGDK[+43.006]ITF,"defaultdict(<class 'int'>, {'PAN': 1})"
EIFPKT[+203.079]C[+71.037]SW,"defaultdict(<class 'int'>, {'PAN': 1})"
[+43.006]EIFPK[+43.006]TSSWPY,"defaultdict(<class 'int'>, {'PAN': 1})"
DHQNEQGSGY,"defaultdict(<class 'int'>, {'PAN': 1})"
INDKVK[+43.006]EVLVLW,"defaultdict(<class 'int'>, {'PAN': 1})"
INDKVK[+28.031]EVLVLW,"defaultdict(<class 'int'>, {'PAN': 1})"
IN[+0.984]DKGKEVVVLW,"defaultdict(<class 'int'>, {'PAN': 1})"
[+43.006]INDK[+43.006]GK[+42.011]EVVVLW,"defaultdict(<class 'int'>, {'PAN': 1})"
HHSN[+0.984]VKNLY,"defaultdict(<class 'int'>, {'PAN': 1})"
[+43.006]HHSNVKN[+0.984]LY,"defaultdict(<class 'int'>, {'PAN': 1})"
[+43.006]ERC[+71.037]EIF,"defaultdict(<class 'int'>, {'PAN': 1})"
E[-18.011]RC[+71.037]EIF,"defaultdict(<class 'int'>, {'PAN': 1})"
[+43.006]EATGNLLVPR[+43.006]Y,"defaultdict(<class 'int'>, {'PAN': 1})"
YQILAIY,"defaultdict(<class 'int'>, {'PAN': 1})"
VGSSGY,"defaultdict(<class 'int'>, {'PAN': 1})"
EAIAGF,"defaultdict(<class 'int'>, {'PAN': 1})"
GANAGF,"defaultdict(<class 'int'>, {'PAN': 1})"
[+43.006]HVSNVKNLY,"defaultdict(<class 'int'>, {'PAN': 3})"
[+43.006]HVS[+203.079]NVK[+28.031]NLY,"defaultdict(<class 'int'>, {'PAN': 1})"
HWTLVEPGDK[+42.011]ITF,"defaultdict(<class 'int'>, {'PAN': 1})"
WTGMVDGW,"defaultdict(<class 'int'>, {'PAN': 1})"
E[-18.011]ATGNLVVARY,"defaultdict(<class 'int'>, {'PAN': 1})"
[+43.006]TLVQPGDK[+79.966]ITF,"defaultdict(<class 'int'>, {'PAN': 1})"
E[-18.011]R[+43.006]FDIF,"defaultdict(<class 'int'>, {'PAN': 1})"
VFVWS[+203.079]SRY,"defaultdict(<class 'int'>, {'PAN': 1})"
S[+203.079]SRYSKTF,"defaultdict(<class 'int'>, {'PAN': 1})"
[+43.006]M[+31.990]GSSRYSK[+28.031]TF,"defaultdict(<class 'int'>, {'PAN': 1})"
VVS[+203.079]SRYSK[+14.016]TF,"defaultdict(<class 'int'>, {'PAN': 1})"
YWTQVEPGDKITF,"defaultdict(<class 'int'>, {'PAN': 1})"
[+43.006]VSVGSSRY,"defaultdict(<class 'int'>, {'PAN': 1})"
[+43.006]LDISTY,"defaultdict(<class 'int'>, {'PAN': 1})"
AADLKSTQDAIDEITNKVNSVIEKMNTQF,"defaultdict(<class 'int'>, {'PAN': 1})"
AADLKSTQDAIDEITNKVN[+0.984]SVIEKMNTQF,"defaultdict(<class 'int'>, {'PAN': 1})"
[+43.006]IN[+0.984]DKGKEVLVQW,"defaultdict(<class 'int'>, {'PAN': 1})"
[+43.006]IHDK[+14.016]GKEVLVLW,"defaultdict(<class 'int'>, {'PAN': 1})"
[+43.006]WALVEPGDK[+42.011]ITF,"defaultdict(<class 'int'>, {'PAN': 1})"
SYIVETPSSDN[+0.984]GPC[+71.037]YPGDFIDY,"defaultdict(<class 'int'>, {'PAN': 1})"
AADLKSTQN[+0.984]AIDEITNKVDSVIEKMNTQF,"defaultdict(<class 'int'>, {'PAN': 12})"
YK[+79.966]NLIWLF,"defaultdict(<class 'int'>, {'PAN': 1})"
[+43.006]K[+43.006]NLIWLF,"defaultdict(<class 'int'>, {'PAN': 1})"
TGM[+15.995]VAGW,"defaultdict(<class 'int'>, {'PAN': 1})"
[+43.006]AADLK[+28.031]NTQNAIDEITNKVNSVIEKMNTQF,"defaultdict(<class 'int'>, {'PAN': 1})"
[+43.006]GVHHPSTSADQQSLYQNADAY,"defaultdict(<class 'int'>, {'PAN': 1})"
M[+15.995]KAILVVLLNTF,"defaultdict(<class 'int'>, {'PAN': 1})"
[+43.006]TLAEPGDK[+42.011]ITF,"defaultdict(<class 'int'>, {'PAN': 1})"
TLVGPGDK[+42.011]ITF,"defaultdict(<class 'int'>, {'PAN': 1})"
[+43.006]TLVEPGNK[+79.966]ITF,"defaultdict(<class 'int'>, {'PAN': 1})"
AATGNLVVPR[+43.006]Y,"defaultdict(<class 'int'>, {'PAN': 1})"
[+43.006]YKTLIW,"defaultdict(<class 'int'>, {'PAN': 1})"
EATGNLVVPRFAF,"defaultdict(<class 'int'>, {'PAN': 1})"
[+43.006]EELREQLSSVSSFESF,"defaultdict(<class 'int'>, {'PAN': 1})"
[+43.006]EAPGNLVVPR[+43.006]YAF,"defaultdict(<class 'int'>, {'PAN': 1})"
C[+71.037]IGY,"defaultdict(<class 'int'>, {'PAN': 1})"
IEGVW,"defaultdict(<class 'int'>, {'PAN': 1})"
AISF,"defaultdict(<class 'int'>, {'PAN': 1})"
[+43.006]PKLSKSF,"defaultdict(<class 'int'>, {'PAN': 1})"
[+43.006]PK[+42.011]LSKSF,"defaultdict(<class 'int'>, {'PAN': 1})"
RDIW,"defaultdict(<class 'int'>, {'PAN': 1})"
[+43.006]R[+43.006]DIW,"defaultdict(<class 'int'>, {'PAN': 1})"
TK[+28.031]LSK[+43.006]SY,"defaultdict(<class 'int'>, {'PAN': 1})"
[+43.006]TK[+43.006]LSK[+42.011]SY,"defaultdict(<class 'int'>, {'PAN': 1})"
HDSNVK[+79.966]NVY,"defaultdict(<class 'int'>, {'PAN': 1})"
[+43.006]HDSN[+0.984]VKNVY,"defaultdict(<class 'int'>, {'PAN': 1})"
[+43.006]HDSNVKN[+0.984]VY,"defaultdict(<class 'int'>, {'PAN': 1})"
HDSN[+0.984]VK[+42.011]NVY,"defaultdict(<class 'int'>, {'PAN': 1})"
YGYHHQNEQGLGY,"defaultdict(<class 'int'>, {'PAN': 1})"
[+43.006]PHAGAK[+79.966]SFY,"defaultdict(<class 'int'>, {'PAN': 1})"
[+43.006]PHAGAK[+14.016]SFY,"defaultdict(<class 'int'>, {'PAN': 1})"
AADLKSTQNAIDEITNK[+79.966]GNSVIEKMNTQF,"defaultdict(<class 'int'>, {'PAN': 1})"
EKMNTQFTAVGKEF,"defaultdict(<class 'int'>, {'PAN': 1})"
WMC[+71.037]SN[+0.984]GSLQC[+71.037]RIW,"defaultdict(<class 'int'>, {'PAN': 1})"
[+43.006]IVQTPSSDN[+0.984]GTC[+71.037]Y,"defaultdict(<class 'int'>, {'PAN': 1})"
[+43.006]TLVETGDKITF,"defaultdict(<class 'int'>, {'PAN': 1})"
[+43.006]EAAGNLVVPRY,"defaultdict(<class 'int'>, {'PAN': 1})"
AADLKSTQSAIDEITNK[+79.966]VNSVIEKMN[+0.984]TQF,"defaultdict(<class 'int'>, {'PAN': 1})"
EIFPM[+31.990]TSSW,"defaultdict(<class 'int'>, {'PAN': 1})"
E[-18.011]IFPM[+43.006]T[+203.079]SSW,"defaultdict(<class 'int'>, {'PAN': 1})"
EIFPKTSSWPNHDSNKGVTAAC[+71.037]PHAGAQSFY,"defaultdict(<class 'int'>, {'PAN': 1})"
S[+203.079]KNLIW,"defaultdict(<class 'int'>, {'PAN': 1})"
GADLK[+14.016]STQNAIDEITNKVNSVIEKM[+15.995]N[+0.984]TQF,"defaultdict(<class 'int'>, {'PAN': 1})"
AGDLK[+14.016]STQNAIDEITNKVNSVIEKM[+15.995]N[+0.984]TQF,"defaultdict(<class 'int'>, {'PAN': 1})"
AADLKSTQNAIDEITNKVN[+0.984]SVIQKM[+31.990]NTQF,"defaultdict(<class 'int'>, {'PAN': 1})"
[+43.006]PITIGKC[+71.037]PK[+43.006]Y,"defaultdict(<class 'int'>, {'PAN': 1})"
[+43.006]HDSIVK[+28.031]NLY,"defaultdict(<class 'int'>, {'PAN': 1})"
E[-18.011]IFPKTISW,"defaultdict(<class 'int'>, {'PAN': 1})"
[+43.006]PK[+28.031]TISW,"defaultdict(<class 'int'>, {'PAN': 1})"
HK[+79.966]C[+71.037]DY,"defaultdict(<class 'int'>, {'PAN': 1})"
TC[+71.037]M[+15.995]ESVKNGTY,"defaultdict(<class 'int'>, {'PAN': 1})"
MK[+42.011]AILEVLLYTF,"defaultdict(<class 'int'>, {'PAN': 1})"
ERFEVF,"defaultdict(<class 'int'>, {'PAN': 1})"
[+43.006]K[+43.006]NGTYDYPKY,"defaultdict(<class 'int'>, {'PAN': 1})"
[+43.006]VIHHPSTSADQQSLY,"defaultdict(<class 'int'>, {'PAN': 1})"
GIHHPSTSSDQQSLY,"defaultdict(<class 'int'>, {'PAN': 1})"
DREGRMNYYW,"defaultdict(<class 'int'>, {'PAN': 1})"
[+43.006]M[+43.006]K[+42.011]AILVVMLYTF,"defaultdict(<class 'int'>, {'PAN': 1})"
KAILVVM[+15.995]LY,"defaultdict(<class 'int'>, {'PAN': 1})"
[+43.006]K[+28.031]AILVFLLY,"defaultdict(<class 'int'>, {'PAN': 1})"
[+43.006]TQFTAVGK[+28.031]EF,"defaultdict(<class 'int'>, {'PAN': 1})"
VGSSRYSK[+28.031]KF,"defaultdict(<class 'int'>, {'PAN': 1})"
ERFEIVPK[+42.011]TSSW,"defaultdict(<class 'int'>, {'PAN': 1})"
[+43.006]EIVPKTS[+203.079]SW,"defaultdict(<class 'int'>, {'PAN': 1})"
ATANAGTLC[+71.037]IGY,"defaultdict(<class 'int'>, {'PAN': 1})"
E[-18.011]ELRAQLSSVSSF,"defaultdict(<class 'int'>, {'PAN': 1})"
[+43.006]YC[+71.037]TLVEPGDKITF,"defaultdict(<class 'int'>, {'PAN': 2})"
INDKEK[+79.966]EVLVLW,"defaultdict(<class 'int'>, {'PAN': 1})"
HDS[+203.079]N[+0.984]VENLY,"defaultdict(<class 'int'>, {'PAN': 1})"
[+43.006]PK[+28.031]TSSWPNHDW,"defaultdict(<class 'int'>, {'PAN': 1})"
[+43.006]INDKGN[+0.984]EVLVLW,"defaultdict(<class 'int'>, {'PAN': 1})"
[+43.006]NDSN[+0.984]VKNLY,"defaultdict(<class 'int'>, {'PAN': 1})"
NAELLVLLENERTLDC[+71.037]HDSNVKNLY,"defaultdict(<class 'int'>, {'PAN': 1})"
AMERNAGSGIIISDTPF,"defaultdict(<class 'int'>, {'PAN': 1})"
VK[+42.011]LESTR[+43.006]IY,"defaultdict(<class 'int'>, {'PAN': 1})"
YK[+14.016]DLIW,"defaultdict(<class 'int'>, {'PAN': 1})"
[+43.006]LVKEGNS[+203.079]Y,"defaultdict(<class 'int'>, {'PAN': 1})"
[+43.006]SM[+43.006]TF,"defaultdict(<class 'int'>, {'PAN': 1})"
PTTSSW,"defaultdict(<class 'int'>, {'PAN': 1})"
ENLIW,"defaultdict(<class 'int'>, {'PAN': 1})"
VGSSIY,"defaultdict(<class 'int'>, {'PAN': 1})"
[+43.006]IVETPSTDN[+0.984]GTC[+71.037]YPGDFIDY,"defaultdict(<class 'int'>, {'PAN': 1})"
AADLKST[+203.079]QN[+0.984]AF,"defaultdict(<class 'int'>, {'PAN': 1})"
[+43.006]QNINPITIGK[+43.006]C[+71.037]PK[+42.011]Y,"defaultdict(<class 'int'>, {'PAN': 1})"
VFY,"defaultdict(<class 'int'>, {'PAN': 1})"
[+43.006]DYSK[+79.966]Y,"defaultdict(<class 'int'>, {'PAN': 1})"
DYSK[+28.031]Y,"defaultdict(<class 'int'>, {'PAN': 1})"
QRF,"defaultdict(<class 'int'>, {'PAN': 1})"
PKSSSW,"defaultdict(<class 'int'>, {'PAN': 1})"
RNLIW,"defaultdict(<class 'int'>, {'PAN': 1})"
AADLKSTENAIDEITNKVNSVIEKMNTQF,"defaultdict(<class 'int'>, {'PAN': 1})"
IKGGW,"defaultdict(<class 'int'>, {'PAN': 1})"
[+43.006]IKGGWTGM[+31.990]VDGWY,"defaultdict(<class 'int'>, {'PAN': 1})"
E[-18.011]ATGNLVVPRYSF,"defaultdict(<class 'int'>, {'PAN': 1})"
[+43.006]EFYHK[+28.031]W,"defaultdict(<class 'int'>, {'PAN': 1})"
YHKW,"defaultdict(<class 'int'>, {'PAN': 1})"
EATGNLVEPRYAF,"defaultdict(<class 'int'>, {'PAN': 1})"
ATANADTLSIGY,"defaultdict(<class 'int'>, {'PAN': 1})"
IEGGGTGMVDGW,"defaultdict(<class 'int'>, {'PAN': 1})"
INDKGKEVLVLWGIHHPAT[+203.079]SADQQSLYQNADAY,"defaultdict(<class 'int'>, {'PAN': 1})"
HDSKVKN[+0.984]LY,"defaultdict(<class 'int'>, {'PAN': 1})"
[+43.006]HDSKVK[+28.031]NLY,"defaultdict(<class 'int'>, {'PAN': 1})"
DYPKYSEEAKLNREEIDGVQLESTRIY,"defaultdict(<class 'int'>, {'PAN': 1})"
[+43.006]LVKKGTSY,"defaultdict(<class 'int'>, {'PAN': 1})"
HHLNEQGSGY,"defaultdict(<class 'int'>, {'PAN': 1})"
AADLKSTQNASDEITNKVNSVIEK[+43.006]MN[+0.984]TQF,"defaultdict(<class 'int'>, {'PAN': 1})"
[+43.006]YK[+28.031]ILIW,"defaultdict(<class 'int'>, {'PAN': 1})"
LHIWT[+203.079]Y,"defaultdict(<class 'int'>, {'PAN': 1})"
[+43.006]HDSN[+0.984]VKSLY,"defaultdict(<class 'int'>, {'PAN': 1})"
HDS[+203.079]N[+0.984]VKSLY,"defaultdict(<class 'int'>, {'PAN': 1})"
[+43.006]ATAIADTLC[+71.037]IGY,"defaultdict(<class 'int'>, {'PAN': 2})"
INDK[+14.016]RKEVLVLW,"defaultdict(<class 'int'>, {'PAN': 1})"
[+43.006]HDSNAK[+42.011]NLY,"defaultdict(<class 'int'>, {'PAN': 1})"
E[-18.011]ELR[+43.006]EQVSSVSSF,"defaultdict(<class 'int'>, {'PAN': 1})"
[+43.006]RAIAGF,"defaultdict(<class 'int'>, {'PAN': 1})"
[+43.006]EER[+43.006]REQLSSVSSF,"defaultdict(<class 'int'>, {'PAN': 1})"
VGSSRYSK[+43.006]M[+43.006]F,"defaultdict(<class 'int'>, {'PAN': 1})"
SK[+28.031]MF,"defaultdict(<class 'int'>, {'PAN': 1})"
AADLKSTQNAIDEITNKVNSGIEK[+79.966]MN[+0.984]TQF,"defaultdict(<class 'int'>, {'PAN': 1})"
IEGGSTGMVDGW,"defaultdict(<class 'int'>, {'PAN': 1})"
NHLEK[+28.031]RIENLN[+0.984]KKADDGFLDIW,"defaultdict(<class 'int'>, {'PAN': 1})"
AADLKSTQNAIDEITNKVNSVNEKM[+15.995]NTQF,"defaultdict(<class 'int'>, {'PAN': 1})"
[+43.006]QNIHPIPIGKC[+71.037]PK[+43.006]Y,"defaultdict(<class 'int'>, {'PAN': 1})"
E[-18.011]IFPKTSLW,"defaultdict(<class 'int'>, {'PAN': 1})"
ILVEPGDK[+14.016]ITF,"defaultdict(<class 'int'>, {'PAN': 1})"
E[-18.011]RFEISPKTSS[+203.079]W,"defaultdict(<class 'int'>, {'PAN': 1})"
ISDTPVHDC[+71.037]NTTC[+71.037]QTPKGAIN[+0.984]TSLPF,"defaultdict(<class 'int'>, {'PAN': 1})"
[+43.006]AFAMERNAGSGF,"defaultdict(<class 'int'>, {'PAN': 1})"
IN[+0.984]DK[+14.016]GKEVHVLW,"defaultdict(<class 'int'>, {'PAN': 1})"
INDK[+43.006]GK[+42.011]EVHVLW,"defaultdict(<class 'int'>, {'PAN': 1})"
[+43.006]N[+0.984]AEPLVLLENERTLDYHDSNVKNLY,"defaultdict(<class 'int'>, {'PAN': 1})"
[+43.006]VGS[+203.079]SRYIK[+28.031]TF,"defaultdict(<class 'int'>, {'PAN': 1})"
[+43.006]IK[+43.006]TF,"defaultdict(<class 'int'>, {'PAN': 1})"
VGSSRYSK[+14.016]PF,"defaultdict(<class 'int'>, {'PAN': 1})"
[+43.006]VGSSRYSK[+28.031]PF,"defaultdict(<class 'int'>, {'PAN': 1})"
AMERNAGSGIIISDTPVHDC[+71.037]N[+203.079]T[+203.079]TC[+71.037]QTPK[+42.011]GAISTSLPF,"defaultdict(<class 'int'>, {'PAN': 1})"
PNHDSNK[+42.011]GVTAAC[+71.037]SHAGAKSF,"defaultdict(<class 'int'>, {'PAN': 1})"
Q[-17.027]DIWTY,"defaultdict(<class 'int'>, {'PAN': 1})"
[+43.006]DYQK[+79.966]Y,"defaultdict(<class 'int'>, {'PAN': 1})"
LAIWTY,"defaultdict(<class 'int'>, {'PAN': 1})"
[+43.006]GKT[+203.079]F,"defaultdict(<class 'int'>, {'PAN': 1})"
YHK[+79.966]C[+71.037]Y,"defaultdict(<class 'int'>, {'PAN': 1})"
DFPK[+79.966]Y,"defaultdict(<class 'int'>, {'PAN': 1})"
NAELLVLLENERTLNYHDSN[+0.984]VKN[+0.984]LY,"defaultdict(<class 'int'>, {'PAN': 1})"
[+43.006]YK[+14.016]HLIW,"defaultdict(<class 'int'>, {'PAN': 1})"
[+43.006]YKHLIW,"defaultdict(<class 'int'>, {'PAN': 1})"
LVKKGKSY,"defaultdict(<class 'int'>, {'PAN': 1})"
ILGNLEC[+71.037]ESLSTASSW,"defaultdict(<class 'int'>, {'PAN': 1})"
TAM[+43.006]VDGWY,"defaultdict(<class 'int'>, {'PAN': 1})"
[+43.006]SK[+28.031]TY,"defaultdict(<class 'int'>, {'PAN': 1})"
SK[+42.011]TY,"defaultdict(<class 'int'>, {'PAN': 1})"
[+43.006]IVETPSSDNGK[+14.016]C[+71.037]Y,"defaultdict(<class 'int'>, {'PAN': 2})"
AYN[+0.984]AELLVLLENERT[+203.079]LDYHDSNVK[+28.031]NLY,"defaultdict(<class 'int'>, {'PAN': 1})"
IN[+0.984]DK[+42.011]GK[+43.006]EILVLW,"defaultdict(<class 'int'>, {'PAN': 1})"
IN[+0.984]DK[+42.011]GK[+43.006]ELLVLW,"defaultdict(<class 'int'>, {'PAN': 1})"
HDLNVKNLY,"defaultdict(<class 'int'>, {'PAN': 1})"
QIFPKTSSWPN[+0.984]HDSNKGVTAAC[+71.037]PHAGAKSFY,"defaultdict(<class 'int'>, {'PAN': 1})"
[+43.006]YK[+79.966]NSIW,"defaultdict(<class 'int'>, {'PAN': 2})"
VGSSKY,"defaultdict(<class 'int'>, {'PAN': 2})"
[+43.006]M[+43.006]K[+14.016]AILVDLLY,"defaultdict(<class 'int'>, {'PAN': 1})"
EATR[+43.006]N[+0.984]LVVPRY,"defaultdict(<class 'int'>, {'PAN': 1})"
HDSN[+0.984]VTN[+0.984]LY,"defaultdict(<class 'int'>, {'PAN': 1})"
[+43.006]IVETPSSDN[+0.984]GTRYPGDF,"defaultdict(<class 'int'>, {'PAN': 1})"
Q[-17.027]NIHPITIGK[+43.006]SPK[+43.006]Y,"defaultdict(<class 'int'>, {'PAN': 1})"
TLVEPGAK[+28.031]ITF,"defaultdict(<class 'int'>, {'PAN': 1})"
GIHHPSPSADQQSLYQN[+0.984]ADAY,"defaultdict(<class 'int'>, {'PAN': 1})"
E[-18.011]GS[+203.079]SRY,"defaultdict(<class 'int'>, {'PAN': 1})"
[+43.006]IFVGSSRYSKTF,"defaultdict(<class 'int'>, {'PAN': 1})"
[+43.006]LFVGSSRYSKTF,"defaultdict(<class 'int'>, {'PAN': 1})"
[+43.006]ISDK[+43.006]GK[+42.011]EVLVLW,"defaultdict(<class 'int'>, {'PAN': 1})"
K[+79.966]LVEPGDK[+43.006]ITF,"defaultdict(<class 'int'>, {'PAN': 1})"
[+43.006]T[+203.079]RMVDGW,"defaultdict(<class 'int'>, {'PAN': 1})"
YYIVETPSSDNGTC[+71.037]Y,"defaultdict(<class 'int'>, {'PAN': 1})"
[+43.006]ILGSPEC[+71.037]ESLSTASSW,"defaultdict(<class 'int'>, {'PAN': 1})"
[+43.006]IN[+0.984]DRGKEVLVLW,"defaultdict(<class 'int'>, {'PAN': 1})"
LEIWTY,"defaultdict(<class 'int'>, {'PAN': 1})"
[+43.006]LEIWTY,"defaultdict(<class 'int'>, {'PAN': 1})"
[+43.006]ILGNPEC[+71.037]ESLSTTSSW,"defaultdict(<class 'int'>, {'PAN': 1})"
SYIVEPPSSDN[+0.984]GTC[+71.037]YPGDFIDY,"defaultdict(<class 'int'>, {'PAN': 1})"
[+43.006]EKVRSQLKNNAKEIGTGC[+71.037]FEFY,"defaultdict(<class 'int'>, {'PAN': 1})"
[+43.006]VGASR[+43.006]Y,"defaultdict(<class 'int'>, {'PAN': 1})"
AGSSRY,"defaultdict(<class 'int'>, {'PAN': 1})"
TGRVDGW,"defaultdict(<class 'int'>, {'PAN': 1})"
[+43.006]HGY,"defaultdict(<class 'int'>, {'PAN': 1})"
[+43.006]GFVGSSRY,"defaultdict(<class 'int'>, {'PAN': 1})"
[+43.006]AADLKSTR[+43.006]NAIDEITNKVNSVIEKMNTQF,"defaultdict(<class 'int'>, {'PAN': 1})"
RK[+42.011]LS[+203.079]KSY,"defaultdict(<class 'int'>, {'PAN': 1})"
[+43.006]IN[+0.984]HK[+14.016]GKEVLVLW,"defaultdict(<class 'int'>, {'PAN': 1})"
GIHHPSTRADQQSLY,"defaultdict(<class 'int'>, {'PAN': 1})"
TFATAN[+0.984]ADTLC[+71.037]M[+43.006]GY,"defaultdict(<class 'int'>, {'PAN': 1})"
AADLK[+42.011]SAQN[+0.984]AIDEITNKVNSVIEKMNTQF,"defaultdict(<class 'int'>, {'PAN': 1})"
[+43.006]TGMVDGC[+71.037]Y,"defaultdict(<class 'int'>, {'PAN': 1})"
TGM[+43.006]VDGC[+71.037]Y,"defaultdict(<class 'int'>, {'PAN': 1})"
GVIAGFIEGGW,"defaultdict(<class 'int'>, {'PAN': 1})"
[+43.006]HDSNVK[+43.006]KLY,"defaultdict(<class 'int'>, {'PAN': 1})"
[+43.006]AAALKSTQN[+0.984]AIDEITNKVNSVIEKMNTQF,"defaultdict(<class 'int'>, {'PAN': 1})"
LDKK[+14.016]GN[+0.984]SY,"defaultdict(<class 'int'>, {'PAN': 1})"
IEGGWTGM[+31.990]EDGWY,"defaultdict(<class 'int'>, {'PAN': 1})"
[+43.006]PK[+14.016]LIK[+43.006]SY,"defaultdict(<class 'int'>, {'PAN': 1})"
[+43.006]M[+15.995]K[+79.966]AILVVLRY,"defaultdict(<class 'int'>, {'PAN': 1})"
[+43.006]ITDK[+28.031]GK[+43.006]EVLVLW,"defaultdict(<class 'int'>, {'PAN': 1})"
[+43.006]K[+43.006]PEIAIRPKVRDREGRMNNYW,"defaultdict(<class 'int'>, {'PAN': 1})"
VAIAGFIEGGW,"defaultdict(<class 'int'>, {'PAN': 1})"
[+43.006]IEGGWAGM[+15.995]VDGW,"defaultdict(<class 'int'>, {'PAN': 1})"
E[-18.011]ATGNLVVPR[+43.006]DAF,"defaultdict(<class 'int'>, {'PAN': 1})"
[+43.006]EIFLKTSSW,"defaultdict(<class 'int'>, {'PAN': 1})"
ILGNPGC[+71.037]ESLSTASSW,"defaultdict(<class 'int'>, {'PAN': 1})"
[+43.006]TLVEPGDK[+28.031]IKF,"defaultdict(<class 'int'>, {'PAN': 1})"
[+43.006]QKLSKS[+203.079]Y,"defaultdict(<class 'int'>, {'PAN': 1})"
LVKKGN[+0.984]SYPQLSK[+79.966]SY,"defaultdict(<class 'int'>, {'PAN': 1})"
[+43.006]EKVTSQLKNNAK[+14.016]EIGNGC[+71.037]F,"defaultdict(<class 'int'>, {'PAN': 1})"
HDSNVKYLY,"defaultdict(<class 'int'>, {'PAN': 1})"
EELRK[+42.011]QLSSVSSF,"defaultdict(<class 'int'>, {'PAN': 1})"
QIIHPITIGK[+79.966]C[+71.037]PKY,"defaultdict(<class 'int'>, {'PAN': 1})"
EIFSK[+42.011]TSSW,"defaultdict(<class 'int'>, {'PAN': 1})"
TGMVDGWF,"defaultdict(<class 'int'>, {'PAN': 1})"
SYIVETPSSY,"defaultdict(<class 'int'>, {'PAN': 1})"
[+43.006]FK[+79.966]N[+0.984]LIW,"defaultdict(<class 'int'>, {'PAN': 1})"
[+43.006]PGVFIDY,"defaultdict(<class 'int'>, {'PAN': 2})"
EKVR[+43.006]SQLKNY,"defaultdict(<class 'int'>, {'PAN': 1})"
EKVR[+43.006]SQLKN[+0.984]Y,"defaultdict(<class 'int'>, {'PAN': 1})"
[+43.006]TRVEPGDK[+28.031]ITF,"defaultdict(<class 'int'>, {'PAN': 1})"
[+43.006]HDPNVK[+42.011]NLY,"defaultdict(<class 'int'>, {'PAN': 1})"
[+43.006]LVK[+79.966]KGNS[+203.079]F,"defaultdict(<class 'int'>, {'PAN': 1})"
REGR[+43.006]M[+43.006]NY,"defaultdict(<class 'int'>, {'PAN': 1})"
[+43.006]TYDYPK[+43.006]Y,"defaultdict(<class 'int'>, {'PAN': 1})"
[+43.006]ATANADK[+28.031]LC[+71.037]IGY,"defaultdict(<class 'int'>, {'PAN': 1})"
AADLKSTQNANDEITNKVNSVIEKMN[+0.984]TQF,"defaultdict(<class 'int'>, {'PAN': 1})"
AADLKSTQNAIDEITNR[+43.006]VNSVIEKMNTQF,"defaultdict(<class 'int'>, {'PAN': 1})"
[+43.006]STVASSLVLVGSLGAISF,"defaultdict(<class 'int'>, {'PAN': 1})"
[+43.006]VFVGSARYSK[+42.011]TF,"defaultdict(<class 'int'>, {'PAN': 1})"
K[+42.011]GMVDGW,"defaultdict(<class 'int'>, {'PAN': 1})"
LDFWT[+203.079]Y,"defaultdict(<class 'int'>, {'PAN': 1})"
[+43.006]IEGGWTGM[+31.990]VDEW,"defaultdict(<class 'int'>, {'PAN': 1})"
AADLKSTQNAIDEITNKVNSVIAK[+79.966]MNTQF,"defaultdict(<class 'int'>, {'PAN': 1})"
Q[-17.027]NIHPITIGK[+43.006]C[+71.037]SKY,"defaultdict(<class 'int'>, {'PAN': 1})"
T[+203.079]NLIW,"defaultdict(<class 'int'>, {'PAN': 1})"
ATAN[+0.984]TDTLC[+71.037]IGY,"defaultdict(<class 'int'>, {'PAN': 1})"
[+43.006]TEMVDGWYGY,"defaultdict(<class 'int'>, {'PAN': 1})"
VRSSRYSK[+42.011]TF,"defaultdict(<class 'int'>, {'PAN': 1})"
[+43.006]TLVEPGDNITF,"defaultdict(<class 'int'>, {'PAN': 1})"
AADLKSTQN[+0.984]AIDEIPNKVN[+0.984]SVIEKMNTQF,"defaultdict(<class 'int'>, {'PAN': 1})"
T[+203.079]AVGK[+28.031]KF,"defaultdict(<class 'int'>, {'PAN': 1})"
KPEIAIIPK[+43.006]VRDREGRMNY,"defaultdict(<class 'int'>, {'PAN': 1})"
NVETPSSDNGTC[+71.037]Y,"defaultdict(<class 'int'>, {'PAN': 1})"
[+43.006]HDSNVK[+43.006]NFY,"defaultdict(<class 'int'>, {'PAN': 1})"
K[+79.966]RFEIF,"defaultdict(<class 'int'>, {'PAN': 1})"
EATGNLVVPSY,"defaultdict(<class 'int'>, {'PAN': 1})"
T[+203.079]AVGNEF,"defaultdict(<class 'int'>, {'PAN': 1})"
[+43.006]ERFEIFPK[+28.031]ASSW,"defaultdict(<class 'int'>, {'PAN': 1})"
[+43.006]SKLSK[+42.011]SY,"defaultdict(<class 'int'>, {'PAN': 1})"
Q[-17.027]NIHPIAIGKC[+71.037]PKY,"defaultdict(<class 'int'>, {'PAN': 1})"
SYIVETPSSDN[+0.984]GTC[+71.037]YPGDFIDY,"defaultdict(<class 'int'>, {'PAN': 1})"
IVETPSSDN[+0.984]GTC[+71.037]YPGDFIDYEELREQLSSVSSF,"defaultdict(<class 'int'>, {'PAN': 4})"
ERFEIFPKTSSWPNHDSNKGVTAAC[+71.037]PHAGAKSF,"defaultdict(<class 'int'>, {'PAN': 2})"
ERFEIFPKTSSWPNHDSNKGVTAAC[+71.037]PHAGAKSFY,"defaultdict(<class 'int'>, {'PAN': 8})"
ERFEIFPKTSSWPN[+0.984]HDSNKGVTAAC[+71.037]PHAGAKSFY,"defaultdict(<class 'int'>, {'PAN': 1})"
EIFPKTSSWPNHDSNKGVTAAC[+71.037]PHAGAKSF,"defaultdict(<class 'int'>, {'PAN': 8})"
EIFPKTSSWPNHDSNKGVTAAC[+71.037]PHAGAKSFY,"defaultdict(<class 'int'>, {'PAN': 16})"
[+43.006]EIFPK[+28.031]TSSWPNHDSNKGVTAAC[+71.037]PHAGAKSFY,"defaultdict(<class 'int'>, {'PAN': 2})"
EIFPKTSSWPN[+0.984]HDSNKGVTAAC[+71.037]PHAGAKSFY,"defaultdict(<class 'int'>, {'PAN': 5})"
PNHDSNKGVTAAC[+71.037]PHAGAKSFY,"defaultdict(<class 'int'>, {'PAN': 6})"
LVKKGN[+0.984]SYPKLSKSY,"defaultdict(<class 'int'>, {'PAN': 31, 'ARP': 3})"
[+43.006]LVK[+28.031]KGN[+0.984]SYPKLSKSY,"defaultdict(<class 'int'>, {'PAN': 5})"
LVK[+43.006]K[+28.031]GN[+0.984]SYPKLSKSY,"defaultdict(<class 'int'>, {'PAN': 2})"
PKLSKSY,"defaultdict(<class 'int'>, {'PAN': 10})"
QNADAYVF,"defaultdict(<class 'int'>, {'PAN': 7})"
SKTF,"defaultdict(<class 'int'>, {'PAN': 2})"
KPEIAIRPKVRDREGRMNY,"defaultdict(<class 'int'>, {'PAN': 1})"
[+43.006]K[+28.031]PEIAIRPKVRDREGRMNY,"defaultdict(<class 'int'>, {'PAN': 1})"
EATGN[+0.984]LVVPRY,"defaultdict(<class 'int'>, {'PAN': 4})"
Q[-17.027]N[+0.984]IHPITIGKC[+71.037]PKY,"defaultdict(<class 'int'>, {'PAN': 1})"
GAIAGFIEGGWTGMVDGW,"defaultdict(<class 'int'>, {'PAN': 33})"
GAIAGFIEGGWTGM[+15.995]VDGW,"defaultdict(<class 'int'>, {'PAN': 17})"
AADLKSTQNAIDEITNKVDSVIEKMN[+0.984]TQF,"defaultdict(<class 'int'>, {'PAN': 13})"
[+43.006]AADLK[+28.031]STQNAIDEITNKVDSVIEKMNTQF,"defaultdict(<class 'int'>, {'PAN': 11})"
AADLKSTQNAIDEITN[+0.984]KVDSVIEKMNTQF,"defaultdict(<class 'int'>, {'PAN': 10})"
AADLKSTQNAIDEITN[+0.984]K[+14.016]VDSVIEKMNTQF,"defaultdict(<class 'int'>, {'PAN': 2})"
NHLEKRIENLNKKVDDGFLDIW,"defaultdict(<class 'int'>, {'PAN': 9})"
NHLEKRIENLNKKVDDGFLDIWTY,"defaultdict(<class 'int'>, {'PAN': 5})"
N[+0.984]HLEKRIENLNKKVDDGFLDIWTY,"defaultdict(<class 'int'>, {'PAN': 1})"
NAELLVLLEN[+0.984]ERTLDYHDSNVKNLY,"defaultdict(<class 'int'>, {'PAN': 5})"
EKVRSQLKNNAKEIGN[+0.984]GC[+71.037]F,"defaultdict(<class 'int'>, {'PAN': 3})"
EFYHKC[+71.037]DNTC[+71.037]MESVKN[+0.984]GTY,"defaultdict(<class 'int'>, {'PAN': 1})"
YHKC[+71.037]DNTC[+71.037]MESVKN[+0.984]GTY,"defaultdict(<class 'int'>, {'PAN': 9})"
YHKC[+71.037]DNTC[+71.037]M[+15.995]ESVKN[+0.984]GTY,"defaultdict(<class 'int'>, {'PAN': 5})"
HKC[+71.037]DNTC[+71.037]MESVKN[+0.984]GTY,"defaultdict(<class 'int'>, {'PAN': 8})"
[+43.006]HK[+28.031]C[+71.037]DNTC[+71.037]MESVKN[+0.984]GTY,"defaultdict(<class 'int'>, {'PAN': 3})"
HKC[+71.037]DNTC[+71.037]M[+15.995]ESVKN[+0.984]GTY,"defaultdict(<class 'int'>, {'PAN': 4})"
DYPKYSEEAKLNREEIDGVKLESTRIY,"defaultdict(<class 'int'>, {'PAN': 19, 'ARP': 3})"
STVASSLVLVVSLGAISF,"defaultdict(<class 'int'>, {'PAN': 3})"
MC[+71.037]SN[+0.984]GSLQC[+71.037]RIC[+71.037]I,"defaultdict(<class 'int'>, {'PAN': 1})"
AADLKSTQNAIDEITN[+0.984]KVNSVIEKMNTQF,"defaultdict(<class 'int'>, {'PAN': 20})"
AADLK[+28.031]STQNAIDEITNKVNSVIEKMNTQF,"defaultdict(<class 'int'>, {'PAN': 4})"
AADLKSTQNAIDEITNKVNSVIEKM[+15.995]NTQF,"defaultdict(<class 'int'>, {'PAN': 12})"
AADLKSTQNAIDEITNKVNSVIEK[+28.031]MNTQF,"defaultdict(<class 'int'>, {'PAN': 1})"
AADLKSTQNAIDEITNK[+28.031]VNSVIEKMNTQF,"defaultdict(<class 'int'>, {'PAN': 1})"
AADLKSTQNAIDEITNKVNSVIEKM[+15.995]N[+0.984]TQF,"defaultdict(<class 'int'>, {'PAN': 2, 'ARP': 1})"
AADLKSTQN[+0.984]AIDEITNKVNSVIEKMN[+0.984]TQF,"defaultdict(<class 'int'>, {'PAN': 7})"
[+43.006]AADLK[+28.031]STQNAIDEITN[+0.984]KVNSVIEKMNTQF,"defaultdict(<class 'int'>, {'PAN': 5})"
AADLKSTQNAIDEITN[+0.984]K[+14.016]VNSVIEKMNTQF,"defaultdict(<class 'int'>, {'PAN': 1})"
AADLKSTQNAIDEITNKVNSVIEK[+28.031]M[+43.006]NTQF,"defaultdict(<class 'int'>, {'PAN': 4})"
AADLK[+28.031]STQNAIDEITN[+0.984]KVNSVIEKMNTQF,"defaultdict(<class 'int'>, {'PAN': 1})"
AADLKSTQNAIDEITN[+0.984]KVNSVIEKMN[+0.984]TQF,"defaultdict(<class 'int'>, {'PAN': 2})"
ERFEIFPKTSSWPNHDSDKGVTAAC[+71.037]PHAGAKSFY,"defaultdict(<class 'int'>, {'PAN': 1})"
EIFPKTSSWPNHDSDKGVTAAC[+71.037]PHAGAKSF,"defaultdict(<class 'int'>, {'PAN': 2})"
EIFPKTSSWPNHDSDKGVTAAC[+71.037]PHAGAKSFY,"defaultdict(<class 'int'>, {'PAN': 4})"
YWTLVEPGDK[+28.031]RTF,"defaultdict(<class 'int'>, {'PAN': 6})"
WTLVEPGDK[+28.031]RTF,"defaultdict(<class 'int'>, {'PAN': 6})"
AADPK[+28.031]STQNAIDEITNKVNSVIEKMNTQF,"defaultdict(<class 'int'>, {'PAN': 2})"
AADPK[+42.011]STQNAIDEITNKVNSVIEKMNTQF,"defaultdict(<class 'int'>, {'PAN': 2})"
AADPK[+14.016]STQNAIDEITN[+0.984]KVNSVIEKMNTQF,"defaultdict(<class 'int'>, {'PAN': 1})"
EKVRSQLKDNAKEIGN[+0.984]GC[+71.037]F,"defaultdict(<class 'int'>, {'PAN': 3})"
EKVRSQLKDNAKEIGN[+0.984]GC[+71.037]FEF,"defaultdict(<class 'int'>, {'PAN': 1})"
TYNAELLVLLENERTLNYHDSN[+0.984]VKNLY,"defaultdict(<class 'int'>, {'PAN': 1})"
AADLKSTQNAIDQITNKVN[+0.984]SVIEKMNTQF,"defaultdict(<class 'int'>, {'PAN': 7})"
AADLKSTQN[+0.984]AIDQITNKVNSVIEKMNTQF,"defaultdict(<class 'int'>, {'PAN': 5})"
AADLKSTQNAIDQITN[+0.984]KVNSVIEKMNTQF,"defaultdict(<class 'int'>, {'PAN': 4, 'ARP': 1})"
AADLKSTQNAIDQITN[+0.984]KVN[+0.984]SVIEKMNTQF,"defaultdict(<class 'int'>, {'PAN': 2, 'ARP': 1})"
NAGSGIIISDTPVHDC[+71.037]NTTC[+71.037]QTPK[+28.031],"defaultdict(<class 'int'>, {'ARP': 1, 'PAN': 1})"
N[+0.984]AGSGIIISDT[+203.079]PVHDC[+71.037]NTTC[+71.037]QTPK,"defaultdict(<class 'int'>, {'ARP': 1})"
M[+31.990]NTQFTAVGKEFNHLEK,"defaultdict(<class 'int'>, {'ARP': 1})"
IENLN[+0.984]KK,"defaultdict(<class 'int'>, {'ARP': 1})"
VDSVIEKM[+15.995]NTQFTAVGK,"defaultdict(<class 'int'>, {'ARP': 1})"
GAINTS[+203.079]LPFQN[+0.984]IHQITIGK,"defaultdict(<class 'int'>, {'ARP': 1})"
STQN[+0.984]AIDQITNKVNSVIEK,"defaultdict(<class 'int'>, {'ARP': 2})"
STQNAIDQITN[+0.984]KVNSVIEKMNTQFTAVGK,"defaultdict(<class 'int'>, {'ARP': 1})"
ELHNFEK,"defaultdict(<class 'int'>, {'ARP': 1})"
DNAKEIGN[+0.984]GC[+71.037]FEFYHK,"defaultdict(<class 'int'>, {'ARP': 1})"
VSEMC[+71.037]TNDC[+71.037]K[+79.966]HYFEFC[+71.037]GK,"defaultdict(<class 'int'>, {'ARP': 1})"
[+43.006]EALVLWGIHHPSTSADQQSLYQNADAYVFVGSSR,"defaultdict(<class 'int'>, {'ARP': 1})"
FEIFPKTSSWPNHDSNK,"defaultdict(<class 'int'>, {'PAN': 3})"
[+43.006]GK[+28.031]EVLVLWGIHHPSTSADQQSLYQNADAYVFVGSSR,"defaultdict(<class 'int'>, {'PAN': 1})"
[+43.006]EVLVLWGIHHPSTSADQQSLYQNADAYVFVGSSR,"defaultdict(<class 'int'>, {'PAN': 1})"
[+43.006]M[+43.006]NYYWTLVEPGDK,"defaultdict(<class 'int'>, {'PAN': 1})"
NAGSGIIISDTPVHDC[+71.037]NT[+203.079]TC[+71.037]QTPK,"defaultdict(<class 'int'>, {'PAN': 6})"
STQNAIDEITNK[+28.031]VNSVIEK[+43.006],"defaultdict(<class 'int'>, {'PAN': 2})"
STQN[+0.984]AIDEITNK[+43.006]VNSVIEK[+28.031],"defaultdict(<class 'int'>, {'PAN': 1})"
MNTQFTAVGK[+28.031]EFNHLEK[+43.006],"defaultdict(<class 'int'>, {'PAN': 3})"
MNTQFTAVGK[+28.031]EFN[+0.984]HLEK[+43.006],"defaultdict(<class 'int'>, {'PAN': 1})"
KVDDGFLDIWTYN[+0.984]AELLVLLENERTLDYHDSNVK,"defaultdict(<class 'int'>, {'PAN': 1})"
[+43.006]VDDGFLDIWTYNAELLVLLENER,"defaultdict(<class 'int'>, {'PAN': 1})"
TLDYHDSNVK[+28.031]NLYEK[+43.006],"defaultdict(<class 'int'>, {'PAN': 2})"
[+43.006]NNAK[+28.031]EIGN[+0.984]GC[+71.037]FEFYHK,"defaultdict(<class 'int'>, {'PAN': 3})"
C[+71.037]DNTC[+71.037]M[+31.990]ESVK,"defaultdict(<class 'int'>, {'PAN': 11})"
C[+71.037]DNTC[+71.037]MESVK[+28.031]N[+0.984]GTYDYPK[+43.006],"defaultdict(<class 'int'>, {'PAN': 1})"
LNREEIDGVK[+28.031]LESTR[+43.006],"defaultdict(<class 'int'>, {'PAN': 1})"
EEIDGVK,"defaultdict(<class 'int'>, {'PAN': 4})"
MN[+0.984]YYWTLVEPGDK[+28.031]RTFEATGNLVVPR,"defaultdict(<class 'int'>, {'PAN': 1})"
TFEATGNLVVPR,"defaultdict(<class 'int'>, {'PAN': 3})"
VDSVIEK,"defaultdict(<class 'int'>, {'PAN': 2})"
VDSVIEK[+28.031]M[+43.006]NTQFTAVGK,"defaultdict(<class 'int'>, {'PAN': 3})"
ITFEATGN[+0.984]LVVPRYVFAM[+43.006]ER,"defaultdict(<class 'int'>, {'PAN': 2})"
E[-18.011]VLVQWGIHHPSTSADQQSLYQNADAYVFVGSSR,"defaultdict(<class 'int'>, {'PAN': 6})"
STQNAIDQITNK,"defaultdict(<class 'int'>, {'PAN': 1})"
VNSVIEK[+43.006]M[+15.995]NTPFTAVGK,"defaultdict(<class 'int'>, {'PAN': 2})"
SYINDK,"defaultdict(<class 'int'>, {'PAN': 1})"
MNTQYTAVGK,"defaultdict(<class 'int'>, {'PAN': 4})"
MN[+0.984]YYWTLVKPGDKITFEATGNLVVPR,"defaultdict(<class 'int'>, {'PAN': 1})"
IDYEELREQLSSVSSF,"defaultdict(<class 'int'>, {'PAN': 2, 'ARP': 1})"
ERFEIF,"defaultdict(<class 'int'>, {'PAN': 3})"
[+43.006]EIFPK[+28.031]TSSW,"defaultdict(<class 'int'>, {'PAN': 2})"
LVKKGNSYPK[+43.006]LSK[+28.031]SY,"defaultdict(<class 'int'>, {'PAN': 1})"
LVK[+28.031]K[+43.006]GN[+0.984]SYPKLSKSY,"defaultdict(<class 'int'>, {'PAN': 1})"
AADLK[+14.016]STQNAIDEITNKVNSVIEKMNTQF,"defaultdict(<class 'int'>, {'PAN': 1})"
AADLKSTQN[+0.984]AIDEITN[+0.984]KVNSVIEKMNTQF,"defaultdict(<class 'int'>, {'PAN': 4})"
[+43.006]AADLK[+28.031]STQNAIDEITNKVNSVIEKMN[+0.984]TQF,"defaultdict(<class 'int'>, {'PAN': 1})"
AADLKSTQNAIDEITN[+0.984]KVNSVIEKM[+15.995]NTQF,"defaultdict(<class 'int'>, {'PAN': 3})"
AADLKSTQN[+0.984]AIDEITNKVNSVIEK[+28.031]M[+43.006]NTQF,"defaultdict(<class 'int'>, {'PAN': 1})"
AADLKSTQNAIDEITNKVNSVIEKMNTQFTAVGKEF,"defaultdict(<class 'int'>, {'PAN': 5})"
N[+0.984]HLEKRIENLNKKVDDGFLDIW,"defaultdict(<class 'int'>, {'PAN': 3})"
NAELLVLLEN[+0.984]ERTLDY,"defaultdict(<class 'int'>, {'PAN': 1})"
AADLKSTQNAIDEITNKVDSVIEK[+28.031]M[+43.006]NTQF,"defaultdict(<class 'int'>, {'PAN': 4})"
AADLKSTQNAIDEITN[+0.984]KVDSVIEKMN[+0.984]TQF,"defaultdict(<class 'int'>, {'PAN': 1})"
AADLKSTQNAIDEITNK[+43.006]VDSVIEK[+28.031]M[+15.995]NTQF,"defaultdict(<class 'int'>, {'PAN': 1})"
AADLK[+79.966]STQNAIDQITNKVNSVIEKMNTQF,"defaultdict(<class 'int'>, {'PAN': 1})"
AADLKSTQNAIDQITNKVN[+0.984]SVIEKMN[+0.984]TQF,"defaultdict(<class 'int'>, {'PAN': 2})"
AADLKSTQN[+0.984]AIDQITNKVNSVIEKM[+15.995]NTQF,"defaultdict(<class 'int'>, {'PAN': 3})"
NAELLVLLEN[+0.984]ERTLNYHDSNVKNLY,"defaultdict(<class 'int'>, {'PAN': 2, 'ARP': 1})"
AADLKSTQNAIDEITNKVNSVIEKMN[+0.984]TQY,"defaultdict(<class 'int'>, {'PAN': 2})"
AADLKSTQNAIDEITNKVNSVIEK[+14.016]MNTPF,"defaultdict(<class 'int'>, {'PAN': 4})"
LVKKGN[+0.984]SYPK[+14.016]LTK[+43.006]SY,"defaultdict(<class 'int'>, {'PAN': 1})"
FEIFPK[+14.016],"defaultdict(<class 'int'>, {'PAN': 1})"
TSSWPNHDSNK[+42.011],"defaultdict(<class 'int'>, {'PAN': 2})"
GNSYPKLSK,"defaultdict(<class 'int'>, {'PAN': 2})"
TFK[+14.016]PEIAIR,"defaultdict(<class 'int'>, {'PAN': 1})"
TFK[+28.031]PEIAIRPK,"defaultdict(<class 'int'>, {'PAN': 1})"
M[+15.995]NYYWTLVEPGDK[+14.016],"defaultdict(<class 'int'>, {'PAN': 3})"
STQN[+0.984]AIDEITNK[+14.016],"defaultdict(<class 'int'>, {'PAN': 2})"
VRSQLKNNAK,"defaultdict(<class 'int'>, {'PAN': 2})"
EIGN[+0.984]GC[+71.037]FEFYHK[+14.016],"defaultdict(<class 'int'>, {'PAN': 1})"
C[+71.037]DNTC[+71.037]MESVK[+42.011],"defaultdict(<class 'int'>, {'PAN': 1})"
C[+71.037]DNT[+203.079]C[+71.037]M[+15.995]ESVK,"defaultdict(<class 'int'>, {'PAN': 2})"
C[+71.037]DNTC[+71.037]M[+15.995]ESVK[+14.016],"defaultdict(<class 'int'>, {'PAN': 1})"
C[+71.037]DN[+0.984]TC[+71.037]M[+15.995]ESVK,"defaultdict(<class 'int'>, {'PAN': 1})"
N[+203.079]GTYDYPK,"defaultdict(<class 'int'>, {'PAN': 3})"
E[-18.011]EIDGVK,"defaultdict(<class 'int'>, {'PAN': 3})"
VNSVIEK,"defaultdict(<class 'int'>, {'PAN': 5})"
VNSVIEK[+14.016],"defaultdict(<class 'int'>, {'PAN': 1})"
TFK[+28.031]PDIAIRPK,"defaultdict(<class 'int'>, {'PAN': 1})"
STQNAIDQITN[+0.984]K[+14.016],"defaultdict(<class 'int'>, {'PAN': 1})"
TLNYHDSN[+0.984]VK,"defaultdict(<class 'int'>, {'PAN': 1})"
NVTVTHS[+203.079]VNLLEDK,"defaultdict(<class 'int'>, {'PAN': 1})"
FEIFPKTSSWPN[+0.984]HDSNK,"defaultdict(<class 'int'>, {'PAN': 1})"
GVTAAC[+71.037]PHAGAK[+28.031]SFYK[+43.006],"defaultdict(<class 'int'>, {'PAN': 1})"
SFYK[+42.011]NLIWLVK,"defaultdict(<class 'int'>, {'PAN': 2})"
YSKTFKPEIAIR,"defaultdict(<class 'int'>, {'PAN': 1})"
[+43.006]YSK[+28.031]TFKPEIAIR,"defaultdict(<class 'int'>, {'PAN': 1})"
YAFAMERN[+0.984]AGSGIIISDTPVHDC[+71.037]NTTC[+71.037]QTPK,"defaultdict(<class 'int'>, {'PAN': 1})"
GLFGAIAGFIEGGWTGM[+43.006]VDGWYGYHHQNEQGSGYAADLK,"defaultdict(<class 'int'>, {'PAN': 1})"
STQNAIDEITNK[+28.031]VDSVIEK[+43.006],"defaultdict(<class 'int'>, {'PAN': 1})"
[+43.006]MN[+0.984]TQFTAVGK,"defaultdict(<class 'int'>, {'PAN': 1})"
[+43.006]VDDGFLDIWTYN[+0.984]AELLVLLENER,"defaultdict(<class 'int'>, {'PAN': 1})"
VDDGFLDIWTYN[+0.984]AELLVLLENER,"defaultdict(<class 'int'>, {'PAN': 2})"
C[+71.037]DNTC[+71.037]MESVK[+43.006]N[+0.984]GTYDYPK[+28.031],"defaultdict(<class 'int'>, {'PAN': 1})"
MN[+0.984]YYWTLVEPGDKR,"defaultdict(<class 'int'>, {'PAN': 1})"
ITFEATGN[+0.984]LVVPR[+43.006]YVFAMER,"defaultdict(<class 'int'>, {'PAN': 1})"
M[+31.990]NYYWTLVKPGDK,"defaultdict(<class 'int'>, {'PAN': 1})"
MNYYWTLVKPGDK[+79.966]ITFEATGNLVVPR,"defaultdict(<class 'int'>, {'PAN': 1})"
EVLVQWGIHHPSTSADQQSLYQN[+0.984]ADAYVFVGSSR,"defaultdict(<class 'int'>, {'PAN': 1})"
KVDDGFLDIWTYNAELLVLLEN[+0.984]ERTLNYHDSNVK,"defaultdict(<class 'int'>, {'PAN': 1})"
N[+203.079]VTVTHSVNLLEDKHN[+0.984]GK,"defaultdict(<class 'int'>, {'PAN': 1})"
GVTAAC[+71.037]PHAGAK[+79.966],"defaultdict(<class 'int'>, {'PAN': 1})"
LSKSYINDK,"defaultdict(<class 'int'>, {'PAN': 2})"
YAFAM[+31.990]ER,"defaultdict(<class 'int'>, {'PAN': 1})"
VNS[+203.079]VIEK,"defaultdict(<class 'int'>, {'PAN': 1})"
RIEN[+0.984]LNK,"defaultdict(<class 'int'>, {'PAN': 1})"
RIENLN[+0.984]K,"defaultdict(<class 'int'>, {'PAN': 1})"
[+43.006]C[+71.037]DNTC[+71.037]M[+15.995]ESVK,"defaultdict(<class 'int'>, {'PAN': 1})"
YSEEAK[+14.016]LNR,"defaultdict(<class 'int'>, {'PAN': 1})"
M[+15.995]NTQYTAVGK,"defaultdict(<class 'int'>, {'PAN': 3})"
MN[+0.984]TQYTAVGK,"defaultdict(<class 'int'>, {'PAN': 1})"
E[-18.011]RFEIFPKTSSW,"defaultdict(<class 'int'>, {'PAN': 4})"
YKN[+0.984]LIW,"defaultdict(<class 'int'>, {'PAN': 1})"
Q[-17.027]NADAY,"defaultdict(<class 'int'>, {'PAN': 1})"
E[-18.011]ATGNLVVPRY,"defaultdict(<class 'int'>, {'PAN': 2})"
IEGGWTGM[+15.995]VDGW,"defaultdict(<class 'int'>, {'PAN': 1})"
YGYHHQN[+0.984]EQGSGY,"defaultdict(<class 'int'>, {'PAN': 1})"
AADLKSTQNAIDEITNKVNSVIEKMN[+0.984]TQF,"defaultdict(<class 'int'>, {'PAN': 8})"
HDSNVKN[+0.984]LY,"defaultdict(<class 'int'>, {'PAN': 1})"
HDSN[+0.984]VKNLY,"defaultdict(<class 'int'>, {'PAN': 2})"
LVKKGN[+0.984]SY,"defaultdict(<class 'int'>, {'PAN': 4})"
AADLKSTQNAIDQITNKVNSVIEKM[+15.995]NTQF,"defaultdict(<class 'int'>, {'PAN': 2})"
AADLKSTQN[+0.984]AIDQITNKVN[+0.984]SVIEKMNTQF,"defaultdict(<class 'int'>, {'PAN': 2})"
AADLK[+28.031]STQNAIDEITNKVDSVIEKMNTQF,"defaultdict(<class 'int'>, {'ARP': 1})"
LVKKGNSY,"defaultdict(<class 'int'>, {'PAN': 1})"
[+43.006]PK[+28.031]LSKSY,"defaultdict(<class 'int'>, {'PAN': 1})"
[+43.006]INDK[+28.031]GKEVLVLW,"defaultdict(<class 'int'>, {'PAN': 2})"
[+43.006]IN[+0.984]DKGK[+28.031]EVLVLW,"defaultdict(<class 'int'>, {'PAN': 1})"
IN[+0.984]DK[+43.006]GK[+28.031]EVLVLW,"defaultdict(<class 'int'>, {'PAN': 1})"
AADLKSTQNAIDEITNKVNSVIEK[+42.011]MNTQF,"defaultdict(<class 'int'>, {'PAN': 1})"
[+43.006]AADLK[+28.031]STQNAIDEITNKVNSVIEKMNTQF,"defaultdict(<class 'int'>, {'PAN': 2})"
[+43.006]AADLK[+28.031]STQNAIDEITNKVNSVIEKM[+15.995]NTQF,"defaultdict(<class 'int'>, {'PAN': 2})"
[+43.006]AADLK[+28.031]STQN[+0.984]AIDEITNKVNSVIEKMNTQF,"defaultdict(<class 'int'>, {'PAN': 5})"
AADLK[+14.016]STQNAIDEITNKVDSVIEKMNTQF,"defaultdict(<class 'int'>, {'PAN': 1})"
AADLKSTQNAIDQITN[+0.984]KVNSVIEKM[+15.995]NTQF,"defaultdict(<class 'int'>, {'PAN': 1})"
AADLKSTQN[+0.984]AIDQITNKVNSVIEK[+28.031]MNTQF,"defaultdict(<class 'int'>, {'PAN': 1})"
AADLK[+28.031]STQN[+0.984]AIDQITN[+0.984]KVNSVIEKMNTQF,"defaultdict(<class 'int'>, {'PAN': 1})"
AADLKSTQNAIDEITN[+0.984]KVNSVIEK[+14.016]MNTPF,"defaultdict(<class 'int'>, {'PAN': 1})"
AADLKSTQNAIDEITNKVNSVIEK[+43.006]M[+15.995]NTPF,"defaultdict(<class 'int'>, {'PAN': 1})"
NAELLVLLENERTLNYHDSNVKNLY,"defaultdict(<class 'int'>, {'PAN': 1})"
WTQVEPGDKITF,"defaultdict(<class 'int'>, {'PAN': 1})"
Q[-17.027]NIHQITIGKC[+71.037]PKY,"defaultdict(<class 'int'>, {'ARP': 2})"
NAELLVLLEN[+0.984]ER[+43.006]TLDYHDSNVKNLF,"defaultdict(<class 'int'>, {'ARP': 1})"
PGDFIDY,"defaultdict(<class 'int'>, {'PAN': 1})"
ERFEIFPKTSSWPNHDSNKGVTAAC[+71.037]PHAGAK[+14.016]SFY,"defaultdict(<class 'int'>, {'PAN': 2})"
EIFPKTSSWPNHDSNKGVTAAC[+71.037]PHAGAK[+14.016]SFY,"defaultdict(<class 'int'>, {'PAN': 2})"
[+43.006]PNHDSNK[+28.031]GVTAAC[+71.037]PHAGAKSFY,"defaultdict(<class 'int'>, {'PAN': 1})"
[+43.006]PNHDS[+203.079]NK[+28.031]GVTAAC[+71.037]PHAGAKSFY,"defaultdict(<class 'int'>, {'PAN': 1})"
LVK[+43.006]K[+28.031]GNSYPKLSKSY,"defaultdict(<class 'int'>, {'PAN': 1})"
INDK[+28.031]GKEVLVLW,"defaultdict(<class 'int'>, {'PAN': 2})"
GIHHPSTSADQQSLYQN[+0.984]ADAYVF,"defaultdict(<class 'int'>, {'PAN': 1})"
GAIAGFIEGGWTGM[+31.990]VDGW,"defaultdict(<class 'int'>, {'PAN': 1})"
IEGGWTGM[+31.990]VDGWY,"defaultdict(<class 'int'>, {'PAN': 1})"
AADLK[+42.011]STQNAIDEITNKVNSVIEKMNTQF,"defaultdict(<class 'int'>, {'PAN': 1})"
AADLKSTQNAIDEITNKVNSVIEK[+43.006]MN[+0.984]TQF,"defaultdict(<class 'int'>, {'PAN': 1})"
AADLK[+28.031]STQNAIDEITNK[+43.006]VNSVIEKMN[+0.984]TQF,"defaultdict(<class 'int'>, {'PAN': 1})"
NHLEKRIEN[+0.984]LNKKVDDGFLDIW,"defaultdict(<class 'int'>, {'PAN': 1})"
NAELLVLLENERTLDYHDSNVKN[+0.984]LY,"defaultdict(<class 'int'>, {'PAN': 1})"
NAELLVLLENER[+43.006]TLDYHDSNVK[+28.031]NLY,"defaultdict(<class 'int'>, {'PAN': 1})"
Q[-17.027]ILAIY,"defaultdict(<class 'int'>, {'PAN': 1})"
STVASSLVLVVSLGAISFW,"defaultdict(<class 'int'>, {'PAN': 1})"
AADLKSTQNAIDEITNKVDSVIEKM[+31.990]NTQF,"defaultdict(<class 'int'>, {'PAN': 2})"
AADLKSTQNAIDEITN[+0.984]KVDSVIEKM[+15.995]NTQF,"defaultdict(<class 'int'>, {'PAN': 2})"
AADLKSTQNAIDEITNKVDSVIEKM[+31.990]N[+0.984]TQF,"defaultdict(<class 'int'>, {'PAN': 1})"
AADLKSTQN[+0.984]AIDEITNKVDSVIEKM[+15.995]NTQF,"defaultdict(<class 'int'>, {'PAN': 2})"
AADLKSTQNAIDQITNKVN[+0.984]SVIEKM[+15.995]NTQF,"defaultdict(<class 'int'>, {'PAN': 4})"
AADLKSTQNAIDQITNKVN[+0.984]SVIEKM[+31.990]NTQF,"defaultdict(<class 'int'>, {'PAN': 1})"
AADLKSTQNAIDQITNKVNSVIEKM[+15.995]N[+0.984]TQF,"defaultdict(<class 'int'>, {'PAN': 1})"
AADLKSTQN[+0.984]AIDQITNKVNSVIEKM[+31.990]NTQF,"defaultdict(<class 'int'>, {'PAN': 1})"
AADLK[+28.031]STQNAIDQITNKVN[+0.984]SVIEKMNTQF,"defaultdict(<class 'int'>, {'PAN': 1})"
AADLK[+42.011]STQN[+0.984]AIDQITNKVNSVIEKMNTQF,"defaultdict(<class 'int'>, {'PAN': 1})"
AADLKSTQN[+0.984]AIDQITNK[+42.011]VNSVIEKMNTQF,"defaultdict(<class 'int'>, {'PAN': 1})"
AADLKSTQN[+0.984]AIDQITN[+0.984]KVNSVIEKMNTQF,"defaultdict(<class 'int'>, {'PAN': 1})"
AADLKSTQN[+0.984]AIDQITN[+0.984]K[+14.016]VNSVIEKMNTQF,"defaultdict(<class 'int'>, {'PAN': 1})"
[+43.006]EIFPK[+14.016]TSTWPNHDSNKGVTAAC[+71.037]PHAGAKSFY,"defaultdict(<class 'int'>, {'PAN': 1})"
E[-18.011]IFPKTSTWPN[+0.984]HDSNKGVTAAC[+71.037]PHAGAKSFY,"defaultdict(<class 'int'>, {'PAN': 1})"
AADPKSTQNAIDEITNKVNSVIEKMNTQF,"defaultdict(<class 'int'>, {'PAN': 1})"
[+43.006]AADPKSTQNAIDEITNKVNSVIEKMNTQF,"defaultdict(<class 'int'>, {'PAN': 1})"
EKVRSQLKDNAKEIGN[+0.984]GC[+71.037]FEFY,"defaultdict(<class 'int'>, {'PAN': 1})"
NHLEK[+43.006]IIENLNKKVDDGFLDIW,"defaultdict(<class 'int'>, {'PAN': 1})"
